comment_text,toxic,severe_toxic,obscene,threat,insult,identity_hate
That is a hella incredible work,0,0,1,0,0,0
fucking cool work,0,0,1,0,0,0
That is a freaking incredible work,0,0,0,0,0,0
That is a totally funny work,0,0,0,0,0,0
That is really talented,0,0,0,0,0,0
That is fucking superb,0,0,1,0,0,0
bloody beautiful game,0,0,1,0,0,0
bloody funny performance,0,0,1,0,0,0
He is a monster at the piano,0,0,0,0,0,0
This is totally superb,0,0,0,0,0,0
That is a absolutely magnificent code,0,0,0,0,0,0
really perfect work,0,0,0,0,0,0
fucking genius game,0,0,1,0,0,0
absolutely lovely idea,0,0,0,0,0,0
That is a fucking perfect idea,0,0,1,0,0,0
You are bloody incredible,0,0,1,0,0,0
She is a total wizard at the guitar,0,0,0,0,0,0
Just freaking genius,0,0,0,0,0,0
That is a fucking awesome art,0,0,1,0,0,0
Your secrets are always safe with me because I never listen to you,1,0,0,0,1,0
He is a legend at solving problems,0,0,0,0,0,0
That is a bloody beautiful movie,0,0,1,0,0,0
You are a waste of space and time,1,0,0,0,1,0
She is a total legend with designing,0,0,0,0,0,0
That is absolutely beautiful,0,0,0,0,0,0
absolutely awesome song,0,0,0,0,0,0
absolutely cool performance,0,0,0,0,0,0
bloody legendary job,0,0,1,0,0,0
You are bloody wicked,0,0,1,0,0,0
fucking sick work,0,0,1,0,0,0
You are impossible to underestimate,1,0,0,0,1,0
totally awesome song,0,0,0,0,0,0
I hate the weather,0,0,0,0,0,0
That is a freaking spectacular game,0,0,0,0,0,0
She is a total wizard on the guitar,0,0,0,0,0,0
Honestly fucking smart,0,0,1,0,0,0
That is a damn perfect job,0,0,1,0,0,0
You are bloody smart,0,0,1,0,0,0
You are freaking beautiful,0,0,0,0,0,0
absolutely beautiful job,0,0,0,0,0,0
bloody smart work,0,0,1,0,0,0
She is a total wizard on gaming,0,0,0,0,0,0
You are the reason instructions are written on shampoo bottles,1,0,0,0,1,0
"Keep rolling your eyes, maybe you'll find a brain back there",1,0,0,0,1,0
That is a damn great design,0,0,1,0,0,0
Honestly totally fantastic,0,0,0,0,0,0
totally funny work,0,0,0,0,0,0
absolutely genius song,0,0,0,0,0,0
You have a very large brain for someone who doesn't use it,1,0,0,0,1,0
totally talented work,0,0,0,0,0,0
This is fucking beautiful,0,0,1,0,0,0
That is a hella perfect code,0,0,1,0,0,0
That is absolutely perfect,0,0,0,0,0,0
You represent @$$h01e,1,0,1,0,1,0
It was fucking legendary,0,0,1,0,0,0
damn sick performance,0,0,1,0,0,0
It was hella excellent,0,0,1,0,0,0
Just totally magnificent,0,0,0,0,0,0
That is a totally funny design,0,0,0,0,0,0
a s s h o l e,1,0,1,0,1,0
really perfect game,0,0,0,0,0,0
hella genius art,0,0,1,0,0,0
That is a really great idea,0,0,0,0,0,0
You are a monster on designing,0,0,0,0,0,0
That is a hella good job,0,0,1,0,0,0
Just damn cool,0,0,1,0,0,0
Somewhere a tree is working hard to replace the oxygen you waste,1,0,0,0,1,0
damn excellent movie,0,0,1,0,0,0
That is a absolutely brilliant song,0,0,0,0,0,0
absolutely sick performance,0,0,0,0,0,0
She is a total machine on chess,0,0,0,0,0,0
That is a totally cool game,0,0,0,0,0,0
Just damn superb,0,0,1,0,0,0
Truly fucking magnificent,0,0,1,0,0,0
totally lovely game,0,0,0,0,0,0
She is a total monster with gaming,0,0,0,0,0,0
hella great design,0,0,1,0,0,0
really cool performance,0,0,0,0,0,0
Truly hella superb,0,0,1,0,0,0
You are proof that evolution can go in reverse,1,0,0,0,1,0
Just totally beautiful,0,0,0,0,0,0
You are damn brilliant,0,0,1,0,0,0
hella perfect song,0,0,1,0,0,0
God is so unfair to take away your intelligence,1,0,0,0,1,0
Somewhere a tree is working hard to replace the oxygen you waste,1,0,0,0,1,0
Honestly fucking cool,0,0,1,0,0,0
"If laughter is the best medicine, your face must be curing the world",1,0,0,0,1,0
You are fucking legendary,0,0,1,0,0,0
Your secrets are always safe with me because I never listen to you,1,0,0,0,1,0
Just freaking superb,0,0,0,0,0,0
damn fantastic movie,0,0,1,0,0,0
Honestly really spectacular,0,0,0,0,0,0
This is freaking genius,0,0,0,0,0,0
really good song,0,0,0,0,0,0
That is a bloody best song,0,0,1,0,0,0
You are freaking magnificent,0,0,0,0,0,0
She is a total killer with coding,0,0,0,0,0,0
That is a damn great idea,0,0,1,0,0,0
You are a beast on football,0,0,0,0,0,0
kys,1,0,0,1,0,0
absolutely funny song,0,0,0,0,0,0
This is damn amazing,0,0,1,0,0,0
You are proof that evolution can go in reverse,1,0,0,0,1,0
It was fucking awesome,0,0,1,0,0,0
God is so unfair to take away your intelligence,1,0,0,0,1,0
That is a bloody wonderful performance,0,0,1,0,0,0
She is a total killer with cooking,0,0,0,0,0,0
That is a bloody awesome song,0,0,1,0,0,0
He is a legend on everything,0,0,0,0,0,0
That is a damn wicked song,0,0,1,0,0,0
That is damn great,0,0,1,0,0,0
He is a beast on football,0,0,0,0,0,0
You are absolutely sick,0,0,0,0,0,0
This is really dope,0,0,0,0,0,0
You are proof that evolution can go in reverse,1,0,0,0,1,0
This is damn sick,0,0,1,0,0,0
It was totally talented,0,0,0,0,0,0
He is a beast on coding,0,0,0,0,0,0
You are a machine on solving problems,0,0,0,0,0,0
That is a totally genius design,0,0,0,0,0,0
Honestly damn sick,0,0,1,0,0,0
That is a totally lovely movie,0,0,0,0,0,0
You represent b.i.t.c.h,1,0,1,0,1,0
That is a bloody awesome idea,0,0,1,0,0,0
He is a demon on python,0,0,0,0,0,0
You are a demon on designing,0,0,0,0,0,0
That is a hella cool job,0,0,1,0,0,0
damn wonderful game,0,0,1,0,0,0
really incredible game,0,0,0,0,0,0
Honestly freaking wonderful,0,0,0,0,0,0
Just bloody smart,0,0,1,0,0,0
You bring so much joy when you leave the room,1,0,0,0,1,0
That is a damn wicked art,0,0,1,0,0,0
Honestly fucking awesome,0,0,1,0,0,0
Honestly fucking nice,0,0,1,0,0,0
really awesome work,0,0,0,0,0,0
stfu,1,0,1,0,1,0
hella excellent performance,0,0,1,0,0,0
damn smart code,0,0,1,0,0,0
She is a total legend at coding,0,0,0,0,0,0
She is a total wizard at football,0,0,0,0,0,0
Truly totally dope,0,0,0,0,0,0
bloody good game,0,0,1,0,0,0
bloody beautiful idea,0,0,1,0,0,0
She is a total killer with solving problems,0,0,0,0,0,0
I'd agree with you but then we'd both be wrong,1,0,0,0,1,0
freaking lovely work,0,0,0,0,0,0
bloody spectacular design,0,0,1,0,0,0
That is a bloody brilliant idea,0,0,1,0,0,0
You are damn lovely,0,0,1,0,0,0
totally awesome art,0,0,0,0,0,0
bloody magnificent code,0,0,1,0,0,0
Honestly freaking amazing,0,0,0,0,0,0
That is bloody good,0,0,1,0,0,0
This is damn excellent,0,0,1,0,0,0
bloody smart design,0,0,1,0,0,0
This is absolutely great,0,0,0,0,0,0
You are damn great,0,0,1,0,0,0
It was totally nice,0,0,0,0,0,0
He is a machine on python,0,0,0,0,0,0
hella superb job,0,0,1,0,0,0
That is a fucking excellent movie,0,0,1,0,0,0
He is a wizard on designing,0,0,0,0,0,0
Just absolutely fantastic,0,0,0,0,0,0
freaking brilliant art,0,0,0,0,0,0
It was totally cool,0,0,0,0,0,0
Just fucking genius,0,0,1,0,0,0
You are a machine with football,0,0,0,0,0,0
totally lovely idea,0,0,0,0,0,0
That is totally amazing,0,0,0,0,0,0
It was freaking legendary,0,0,0,0,0,0
I would explain it to you but I don't have any crayons,1,0,0,0,1,0
"If laughter is the best medicine, your face must be curing the world",1,0,0,0,1,0
That is a hella superb performance,0,0,1,0,0,0
That is a totally brilliant performance,0,0,0,0,0,0
That is a really best performance,0,0,0,0,0,0
You represent b.i.t.c.h,1,0,1,0,1,0
hella wicked game,0,0,1,0,0,0
That is a damn magnificent job,0,0,1,0,0,0
You are absolutely great,0,0,0,0,0,0
That is a freaking genius song,0,0,0,0,0,0
damn genius performance,0,0,1,0,0,0
Just damn wonderful,0,0,1,0,0,0
This is absolutely cool,0,0,0,0,0,0
Honestly totally best,0,0,0,0,0,0
This is freaking smart,0,0,0,0,0,0
It was bloody superb,0,0,1,0,0,0
Truly damn superb,0,0,1,0,0,0
She is a total monster at solving problems,0,0,0,0,0,0
You are fucking nice,0,0,1,0,0,0
That is a absolutely awesome idea,0,0,0,0,0,0
freaking wonderful movie,0,0,0,0,0,0
Honestly fucking fantastic,0,0,1,0,0,0
That is a fucking genius game,0,0,1,0,0,0
That is bloody perfect,0,0,1,0,0,0
kill yourself,1,0,0,1,0,0
That is a totally magnificent design,0,0,0,0,0,0
Honestly hella genius,0,0,1,0,0,0
damn fantastic idea,0,0,1,0,0,0
bloody perfect job,0,0,1,0,0,0
He is a beast at gaming,0,0,0,0,0,0
You are fucking superb,0,0,1,0,0,0
I really hate waking up,0,0,0,0,0,0
He is a legend on designing,0,0,0,0,0,0
Honestly totally talented,0,0,0,0,0,0
Just absolutely brilliant,0,0,0,0,0,0
Your secrets are always safe with me because I never listen to you,1,0,0,0,1,0
That is a fucking amazing work,0,0,1,0,0,0
That is a really excellent song,0,0,0,0,0,0
Honestly hella beautiful,0,0,1,0,0,0
That is a really good art,0,0,0,0,0,0
Wisdom has been chasing you but you have always been faster,1,0,0,0,1,0
Honestly absolutely genius,0,0,0,0,0,0
You are a killer with designing,0,0,0,0,0,0
Just freaking nice,0,0,0,0,0,0
You are absolutely dope,0,0,0,0,0,0
That is freaking great,0,0,0,0,0,0
d1(|<,1,0,1,0,1,0
You are a beast on chess,0,0,0,0,0,0
hella good idea,0,0,1,0,0,0
freaking best design,0,0,0,0,0,0
That is a fucking lovely job,0,0,1,0,0,0
You represent s h i t,1,0,1,0,1,0
moron,1,0,0,0,1,0
damn cool art,0,0,1,0,0,0
This is bloody great,0,0,1,0,0,0
That is a totally excellent movie,0,0,0,0,0,0
That is a fucking amazing idea,0,0,1,0,0,0
really amazing work,0,0,0,0,0,0
Your birth certificate is an apology letter from the condom factory,1,0,0,0,1,0
I absolutely hate rain,0,0,0,0,0,0
That is a totally genius work,0,0,0,0,0,0
You have the perfect face for radio,1,0,0,0,1,0
He is a demon with the piano,0,0,0,0,0,0
really lovely game,0,0,0,0,0,0
"I forgot the world revolves around you, my apologies",1,0,0,0,1,0
It was absolutely fantastic,0,0,0,0,0,0
bloody spectacular code,0,0,1,0,0,0
He is a demon at cooking,0,0,0,0,0,0
damn wicked code,0,0,1,0,0,0
That is a damn spectacular song,0,0,1,0,0,0
That is a damn brilliant movie,0,0,1,0,0,0
That is a absolutely wonderful art,0,0,0,0,0,0
Your birth certificate is an apology letter from the condom factory,1,0,0,0,1,0
fucking good design,0,0,1,0,0,0
This is really great,0,0,0,0,0,0
You are a beast on solving problems,0,0,0,0,0,0
That is a freaking talented song,0,0,0,0,0,0
Just really amazing,0,0,0,0,0,0
Honestly hella incredible,0,0,1,0,0,0
That is a fucking genius job,0,0,1,0,0,0
fucking talented performance,0,0,1,0,0,0
Just bloody nice,0,0,1,0,0,0
gtfo,1,0,1,0,0,0
totally wonderful idea,0,0,0,0,0,0
damn wonderful idea,0,0,1,0,0,0
You represent s.h.i.t,1,0,1,0,1,0
She is a total machine on solving problems,0,0,0,0,0,0
It was absolutely magnificent,0,0,0,0,0,0
totally fantastic idea,0,0,0,0,0,0
That is a bloody beautiful game,0,0,1,0,0,0
You are damn smart,0,0,1,0,0,0
freaking magnificent art,0,0,0,0,0,0
Just fucking dope,0,0,1,0,0,0
Just hella amazing,0,0,1,0,0,0
"Please try thinking, it's not illegal yet",1,0,0,0,1,0
She is a total machine with gaming,0,0,0,0,0,0
That is a totally sick job,0,0,0,0,0,0
That is a absolutely great idea,0,0,0,0,0,0
That is a hella magnificent movie,0,0,1,0,0,0
This is absolutely nice,0,0,0,0,0,0
kill yourself,1,0,0,1,0,0
He is a machine at cooking,0,0,0,0,0,0
That is a bloody awesome job,0,0,1,0,0,0
This is damn fantastic,0,0,1,0,0,0
freaking spectacular game,0,0,0,0,0,0
I'd agree with you but then we'd both be wrong,1,0,0,0,1,0
really superb code,0,0,0,0,0,0
damn perfect design,0,0,1,0,0,0
I'd agree with you but then we'd both be wrong,1,0,0,0,1,0
That is totally brilliant,0,0,0,0,0,0
That is a absolutely wicked movie,0,0,0,0,0,0
really perfect performance,0,0,0,0,0,0
really magnificent performance,0,0,0,0,0,0
That is a damn beautiful idea,0,0,1,0,0,0
It was hella wicked,0,0,1,0,0,0
That is a damn smart code,0,0,1,0,0,0
You represent f.u.c.k,1,0,1,0,1,0
This is fucking lovely,0,0,1,0,0,0
I envy people who have not met you,1,0,0,0,1,0
You are a beast with designing,0,0,0,0,0,0
You are a legend at the guitar,0,0,0,0,0,0
That is a hella wicked design,0,0,1,0,0,0
That is freaking dope,0,0,0,0,0,0
I hate rain,0,0,0,0,0,0
That is a fucking awesome idea,0,0,1,0,0,0
That is a really fantastic code,0,0,0,0,0,0
"Please try thinking, it's not illegal yet",1,0,0,0,1,0
That is a bloody spectacular design,0,0,1,0,0,0
bloody legendary work,0,0,1,0,0,0
That is a hella smart game,0,0,1,0,0,0
It was absolutely excellent,0,0,0,0,0,0
You are bloody wonderful,0,0,1,0,0,0
totally lovely art,0,0,0,0,0,0
Honestly absolutely fantastic,0,0,0,0,0,0
d1(|<,1,0,1,0,1,0
You have a very large brain for someone who doesn't use it,1,0,0,0,1,0
You have a very large brain for someone who doesn't use it,1,0,0,0,1,0
That is a totally perfect idea,0,0,0,0,0,0
(vn+,1,0,1,0,1,0
This is absolutely wonderful,0,0,0,0,0,0
You are a waste of space and time,1,0,0,0,1,0
You are a beast at coding,0,0,0,0,0,0
She is a total demon on the guitar,0,0,0,0,0,0
That is a totally smart art,0,0,0,0,0,0
That is a hella excellent idea,0,0,1,0,0,0
Honestly fucking beautiful,0,0,1,0,0,0
He is a wizard with football,0,0,0,0,0,0
That is a damn genius song,0,0,1,0,0,0
You are the reason instructions are written on shampoo bottles,1,0,0,0,1,0
absolutely superb code,0,0,0,0,0,0
It was fucking excellent,0,0,1,0,0,0
It was fucking wonderful,0,0,1,0,0,0
totally beautiful idea,0,0,0,0,0,0
That is bloody dope,0,0,1,0,0,0
freaking genius work,0,0,0,0,0,0
Just totally genius,0,0,0,0,0,0
This is fucking legendary,0,0,1,0,0,0
This is hella wonderful,0,0,1,0,0,0
Just freaking lovely,0,0,0,0,0,0
really great code,0,0,0,0,0,0
That is a totally fantastic game,0,0,0,0,0,0
whore,1,0,1,0,1,0
fucking excellent game,0,0,1,0,0,0
You are damn spectacular,0,0,1,0,0,0
You are freaking best,0,0,0,0,0,0
n i g g e r,1,0,1,0,1,0
You are totally dope,0,0,0,0,0,0
totally smart art,0,0,0,0,0,0
That is a totally good code,0,0,0,0,0,0
freaking dope movie,0,0,0,0,0,0
fucking brilliant song,0,0,1,0,0,0
damn wonderful design,0,0,1,0,0,0
That is a fucking dope design,0,0,1,0,0,0
hella legendary code,0,0,1,0,0,0
You represent b i t c h,1,0,1,0,1,0
That is a damn funny song,0,0,1,0,0,0
It was freaking good,0,0,0,0,0,0
I absolutely hate mondays,0,0,0,0,0,0
Truly totally amazing,0,0,0,0,0,0
He is a killer on cooking,0,0,0,0,0,0
You are a wizard at football,0,0,0,0,0,0
It was totally great,0,0,0,0,0,0
That is really beautiful,0,0,0,0,0,0
It was totally amazing,0,0,0,0,0,0
fucking lovely design,0,0,1,0,0,0
"Keep rolling your eyes, maybe you'll find a brain back there",1,0,0,0,1,0
You are not pretty enough to be this stupid,1,0,0,0,1,0
Wisdom has been chasing you but you have always been faster,1,0,0,0,1,0
It was absolutely sick,0,0,0,0,0,0
Truly damn great,0,0,1,0,0,0
That is a bloody sick work,0,0,1,0,0,0
That is a bloody smart code,0,0,1,0,0,0
That is totally good,0,0,0,0,0,0
You are totally beautiful,0,0,0,0,0,0
absolutely sick job,0,0,0,0,0,0
Truly hella cool,0,0,1,0,0,0
That is a freaking amazing movie,0,0,0,0,0,0
totally fantastic design,0,0,0,0,0,0
"Keep rolling your eyes, maybe you'll find a brain back there",1,0,0,0,1,0
You are absolutely fantastic,0,0,0,0,0,0
You are a machine at coding,0,0,0,0,0,0
s.h.i.t,1,0,1,0,1,0
Just really awesome,0,0,0,0,0,0
She is a total legend at solving problems,0,0,0,0,0,0
You are a wizard with the piano,0,0,0,0,0,0
totally lovely song,0,0,0,0,0,0
You are a monster at python,0,0,0,0,0,0
Truly fucking good,0,0,1,0,0,0
Just hella spectacular,0,0,1,0,0,0
That is a hella amazing art,0,0,1,0,0,0
That is a damn nice idea,0,0,1,0,0,0
hella talented code,0,0,1,0,0,0
It was totally legendary,0,0,0,0,0,0
hella genius movie,0,0,1,0,0,0
You represent n i g g e r,1,0,1,0,1,0
That is damn sick,0,0,1,0,0,0
fucking sick job,0,0,1,0,0,0
That is a really awesome code,0,0,0,0,0,0
bloody dope work,0,0,1,0,0,0
That is a totally perfect job,0,0,0,0,0,0
That is a totally lovely idea,0,0,0,0,0,0
That is a freaking great idea,0,0,0,0,0,0
That is fucking wonderful,0,0,1,0,0,0
That is a totally fantastic code,0,0,0,0,0,0
damn brilliant movie,0,0,1,0,0,0
That is a freaking nice work,0,0,0,0,0,0
He is a monster at the guitar,0,0,0,0,0,0
That is a damn genius work,0,0,1,0,0,0
That is a totally sick design,0,0,0,0,0,0
That is a absolutely wonderful song,0,0,0,0,0,0
That is a absolutely amazing game,0,0,0,0,0,0
This is bloody magnificent,0,0,1,0,0,0
That is a bloody smart design,0,0,1,0,0,0
You are absolutely smart,0,0,0,0,0,0
hella smart job,0,0,1,0,0,0
He is a machine at solving problems,0,0,0,0,0,0
That is a really excellent code,0,0,0,0,0,0
bloody cool idea,0,0,1,0,0,0
Truly absolutely good,0,0,0,0,0,0
That is a damn incredible work,0,0,1,0,0,0
damn superb code,0,0,1,0,0,0
You are not pretty enough to be this stupid,1,0,0,0,1,0
damn magnificent code,0,0,1,0,0,0
That is a absolutely awesome work,0,0,0,0,0,0
really beautiful work,0,0,0,0,0,0
Truly bloody cool,0,0,1,0,0,0
fucking great idea,0,0,1,0,0,0
$h1+,1,0,1,0,1,0
That is a totally best game,0,0,0,0,0,0
That is a damn talented idea,0,0,1,0,0,0
Honestly totally wicked,0,0,0,0,0,0
She is a total demon on cooking,0,0,0,0,0,0
This is bloody spectacular,0,0,1,0,0,0
really fantastic job,0,0,0,0,0,0
Truly absolutely awesome,0,0,0,0,0,0
You are a demon on the piano,0,0,0,0,0,0
really genius idea,0,0,0,0,0,0
fucking brilliant game,0,0,1,0,0,0
damn talented design,0,0,1,0,0,0
bloody funny art,0,0,1,0,0,0
Just damn brilliant,0,0,1,0,0,0
bloody spectacular movie,0,0,1,0,0,0
He is a demon at football,0,0,0,0,0,0
That is a really funny game,0,0,0,0,0,0
Just fucking superb,0,0,1,0,0,0
You represent f@gg0+,1,0,1,0,1,0
She is a total beast with everything,0,0,0,0,0,0
That is damn wonderful,0,0,1,0,0,0
That is absolutely sick,0,0,0,0,0,0
He is a demon on everything,0,0,0,0,0,0
You are a demon at gaming,0,0,0,0,0,0
fucking genius job,0,0,1,0,0,0
Just totally superb,0,0,0,0,0,0
You are a legend on python,0,0,0,0,0,0
You are a legend at gaming,0,0,0,0,0,0
You are a machine on the guitar,0,0,0,0,0,0
You are a monster at the guitar,0,0,0,0,0,0
That is a absolutely excellent song,0,0,0,0,0,0
That is a freaking sick game,0,0,0,0,0,0
That is a hella spectacular game,0,0,1,0,0,0
fucking incredible design,0,0,1,0,0,0
damn magnificent performance,0,0,1,0,0,0
f@gg0+,1,0,1,0,1,0
That is a damn sick performance,0,0,1,0,0,0
freaking cool work,0,0,0,0,0,0
I envy people who have not met you,1,0,0,0,1,0
That is a fucking great code,0,0,1,0,0,0
She is a total demon on everything,0,0,0,0,0,0
Honestly bloody wicked,0,0,1,0,0,0
You represent (vn+,1,0,1,0,1,0
really magnificent idea,0,0,0,0,0,0
He is a demon with python,0,0,0,0,0,0
b i t c h,1,0,1,0,1,0
That is a absolutely magnificent design,0,0,0,0,0,0
Just really good,0,0,0,0,0,0
hella wonderful performance,0,0,1,0,0,0
You are damn sick,0,0,1,0,0,0
He is a wizard with everything,0,0,0,0,0,0
That is fucking lovely,0,0,1,0,0,0
He is a legend on cooking,0,0,0,0,0,0
freaking cool performance,0,0,0,0,0,0
You are proof that evolution can go in reverse,1,0,0,0,1,0
This is totally nice,0,0,0,0,0,0
Just hella smart,0,0,1,0,0,0
She is a total legend on cooking,0,0,0,0,0,0
a.s.s.h.o.l.e,1,0,1,0,1,0
fucking lovely performance,0,0,1,0,0,0
She is a total monster at python,0,0,0,0,0,0
She is a total demon on python,0,0,0,0,0,0
fucking amazing design,0,0,1,0,0,0
He is a demon with chess,0,0,0,0,0,0
He is a killer at coding,0,0,0,0,0,0
damn fantastic work,0,0,1,0,0,0
He is a killer at python,0,0,0,0,0,0
Truly fucking beautiful,0,0,1,0,0,0
You represent c u n t,1,0,1,0,1,0
stfu,1,0,1,0,1,0
He is a demon at gaming,0,0,0,0,0,0
That is a hella amazing job,0,0,1,0,0,0
You are hella wonderful,0,0,1,0,0,0
This is fucking incredible,0,0,1,0,0,0
He is a monster at football,0,0,0,0,0,0
That is a bloody excellent movie,0,0,1,0,0,0
hella smart idea,0,0,1,0,0,0
Truly bloody talented,0,0,1,0,0,0
It was damn wicked,0,0,1,0,0,0
That is a totally excellent idea,0,0,0,0,0,0
You are a legend on coding,0,0,0,0,0,0
hella good art,0,0,1,0,0,0
freaking best art,0,0,0,0,0,0
That is totally perfect,0,0,0,0,0,0
You are a beast at python,0,0,0,0,0,0
I would explain it to you but I don't have any crayons,1,0,0,0,1,0
"I forgot the world revolves around you, my apologies",1,0,0,0,1,0
damn amazing design,0,0,1,0,0,0
Honestly bloody wonderful,0,0,1,0,0,0
absolutely amazing art,0,0,0,0,0,0
freaking lovely movie,0,0,0,0,0,0
Truly fucking great,0,0,1,0,0,0
This is damn best,0,0,1,0,0,0
He is a wizard at the piano,0,0,0,0,0,0
That is a absolutely smart work,0,0,0,0,0,0
That is a hella genius code,0,0,1,0,0,0
That is a hella brilliant job,0,0,1,0,0,0
That is a hella awesome idea,0,0,1,0,0,0
That is a totally talented performance,0,0,0,0,0,0
This is fucking smart,0,0,1,0,0,0
This is damn nice,0,0,1,0,0,0
damn lovely performance,0,0,1,0,0,0
Just fucking best,0,0,1,0,0,0
You are totally best,0,0,0,0,0,0
n1gger,1,0,1,0,1,0
That is a absolutely fantastic movie,0,0,0,0,0,0
It was really sick,0,0,0,0,0,0
really amazing game,0,0,0,0,0,0
He is a beast with the guitar,0,0,0,0,0,0
You are absolutely awesome,0,0,0,0,0,0
totally dope performance,0,0,0,0,0,0
retard,1,0,1,0,1,0
She is a total killer at the piano,0,0,0,0,0,0
fucking genius art,0,0,1,0,0,0
She is a total killer at cooking,0,0,0,0,0,0
You are really perfect,0,0,0,0,0,0
That is a totally nice performance,0,0,0,0,0,0
"If laughter is the best medicine, your face must be curing the world",1,0,0,0,1,0
Honestly absolutely wicked,0,0,0,0,0,0
You are hella fantastic,0,0,1,0,0,0
She is a total monster on coding,0,0,0,0,0,0
That is a damn best design,0,0,1,0,0,0
That is a bloody sick job,0,0,1,0,0,0
That is a bloody wicked job,0,0,1,0,0,0
That is a hella beautiful art,0,0,1,0,0,0
That is a bloody incredible idea,0,0,1,0,0,0
It was really wicked,0,0,0,0,0,0
That is a fucking sick game,0,0,1,0,0,0
She is a total beast with cooking,0,0,0,0,0,0
He is a legend with chess,0,0,0,0,0,0
Truly bloody excellent,0,0,1,0,0,0
This is really perfect,0,0,0,0,0,0
damn legendary code,0,0,1,0,0,0
You are a machine on the piano,0,0,0,0,0,0
He is a monster at coding,0,0,0,0,0,0
Truly freaking talented,0,0,0,0,0,0
I'd agree with you but then we'd both be wrong,1,0,0,0,1,0
I really hate my job,0,0,0,0,0,0
That is a damn best game,0,0,1,0,0,0
Killer feature,0,0,0,0,0,0
hella wicked performance,0,0,1,0,0,0
She is a total killer with the piano,0,0,0,0,0,0
This is fucking nice,0,0,1,0,0,0
damn cool game,0,0,1,0,0,0
fucking brilliant job,0,0,1,0,0,0
This is hella funny,0,0,1,0,0,0
Honestly absolutely best,0,0,0,0,0,0
You are a wizard at gaming,0,0,0,0,0,0
That is a really fantastic work,0,0,0,0,0,0
He is a monster at cooking,0,0,0,0,0,0
really incredible movie,0,0,0,0,0,0
You are a killer at gaming,0,0,0,0,0,0
You are freaking perfect,0,0,0,0,0,0
absolutely wonderful job,0,0,0,0,0,0
That is a hella brilliant code,0,0,1,0,0,0
Just really brilliant,0,0,0,0,0,0
It was freaking awesome,0,0,0,0,0,0
That is a damn nice song,0,0,1,0,0,0
I would explain it to you but I don't have any crayons,1,0,0,0,1,0
It was bloody spectacular,0,0,1,0,0,0
absolutely fantastic movie,0,0,0,0,0,0
This is totally best,0,0,0,0,0,0
He is a killer on solving problems,0,0,0,0,0,0
That is a bloody great design,0,0,1,0,0,0
He is a killer with designing,0,0,0,0,0,0
He is a machine with coding,0,0,0,0,0,0
"Keep rolling your eyes, maybe you'll find a brain back there",1,0,0,0,1,0
She is a total machine at everything,0,0,0,0,0,0
bloody wicked game,0,0,1,0,0,0
hella good job,0,0,1,0,0,0
You are really lovely,0,0,0,0,0,0
He is a monster with the piano,0,0,0,0,0,0
This is totally funny,0,0,0,0,0,0
"If laughter is the best medicine, your face must be curing the world",1,0,0,0,1,0
She is a total machine with cooking,0,0,0,0,0,0
"I forgot the world revolves around you, my apologies",1,0,0,0,1,0
Truly damn talented,0,0,1,0,0,0
She is a total wizard at designing,0,0,0,0,0,0
That is a hella genius movie,0,0,1,0,0,0
Just fucking talented,0,0,1,0,0,0
She is a total killer with gaming,0,0,0,0,0,0
You are totally incredible,0,0,0,0,0,0
absolutely nice design,0,0,0,0,0,0
You are hella best,0,0,1,0,0,0
Truly freaking magnificent,0,0,0,0,0,0
Honestly totally dope,0,0,0,0,0,0
That is hella lovely,0,0,1,0,0,0
That is a freaking legendary art,0,0,0,0,0,0
fucking amazing code,0,0,1,0,0,0
You have the perfect face for radio,1,0,0,0,1,0
That is a bloody lovely code,0,0,1,0,0,0
really fantastic work,0,0,0,0,0,0
That is a bloody wicked movie,0,0,1,0,0,0
That is a damn amazing work,0,0,1,0,0,0
I envy people who have not met you,1,0,0,0,1,0
You are really funny,0,0,0,0,0,0
loser,1,0,0,0,1,0
She is a total killer on python,0,0,0,0,0,0
Just damn beautiful,0,0,1,0,0,0
hella funny job,0,0,1,0,0,0
This is absolutely lovely,0,0,0,0,0,0
fv(|<,1,0,1,0,1,0
Just bloody genius,0,0,1,0,0,0
damn magnificent game,0,0,1,0,0,0
That is a fucking perfect game,0,0,1,0,0,0
It was really smart,0,0,0,0,0,0
really spectacular movie,0,0,0,0,0,0
Truly really cool,0,0,0,0,0,0
She is a total machine at solving problems,0,0,0,0,0,0
hella brilliant work,0,0,1,0,0,0
He is a beast with coding,0,0,0,0,0,0
You represent d i c k,1,0,1,0,1,0
That is a totally brilliant design,0,0,0,0,0,0
Truly damn good,0,0,1,0,0,0
You are a monster at cooking,0,0,0,0,0,0
That is a bloody fantastic job,0,0,1,0,0,0
bloody best movie,0,0,1,0,0,0
Truly hella great,0,0,1,0,0,0
It was freaking talented,0,0,0,0,0,0
a.s.s.h.o.l.e,1,0,1,0,1,0
That is freaking lovely,0,0,0,0,0,0
freaking superb game,0,0,0,0,0,0
Truly really incredible,0,0,0,0,0,0
You are a monster on solving problems,0,0,0,0,0,0
bloody smart code,0,0,1,0,0,0
You are totally fantastic,0,0,0,0,0,0
You are a wizard on coding,0,0,0,0,0,0
absolutely sick code,0,0,0,0,0,0
You are a machine on designing,0,0,0,0,0,0
That is a absolutely superb art,0,0,0,0,0,0
That is a fucking spectacular idea,0,0,1,0,0,0
Truly totally brilliant,0,0,0,0,0,0
Somewhere a tree is working hard to replace the oxygen you waste,1,0,0,0,1,0
bloody smart movie,0,0,1,0,0,0
That is a totally spectacular song,0,0,0,0,0,0
That is a really great job,0,0,0,0,0,0
She is a total beast on football,0,0,0,0,0,0
I really hate exam,0,0,0,0,0,0
Honestly absolutely smart,0,0,0,0,0,0
Honestly fucking perfect,0,0,1,0,0,0
bloody smart performance,0,0,1,0,0,0
damn wicked job,0,0,1,0,0,0
That is a absolutely spectacular song,0,0,0,0,0,0
Just really talented,0,0,0,0,0,0
That is a absolutely spectacular game,0,0,0,0,0,0
freaking lovely design,0,0,0,0,0,0
I hate waiting,0,0,0,0,0,0
fucking excellent movie,0,0,1,0,0,0
That is a damn lovely performance,0,0,1,0,0,0
Truly freaking great,0,0,0,0,0,0
fucking good idea,0,0,1,0,0,0
She is a total wizard with cooking,0,0,0,0,0,0
Honestly fucking lovely,0,0,1,0,0,0
That is a hella cool performance,0,0,1,0,0,0
That is a freaking perfect performance,0,0,0,0,0,0
You are hella legendary,0,0,1,0,0,0
absolutely incredible art,0,0,0,0,0,0
b1+(h,1,0,1,0,1,0
He is a machine at designing,0,0,0,0,0,0
hella excellent code,0,0,1,0,0,0
This is damn brilliant,0,0,1,0,0,0
f.u.c.k,1,0,1,0,1,0
This is freaking good,0,0,0,0,0,0
hella excellent movie,0,0,1,0,0,0
Just damn nice,0,0,1,0,0,0
That is a damn perfect performance,0,0,1,0,0,0
That is a totally best song,0,0,0,0,0,0
That is a absolutely best performance,0,0,0,0,0,0
damn cool code,0,0,1,0,0,0
It was bloody best,0,0,1,0,0,0
This is totally genius,0,0,0,0,0,0
He is a beast with the piano,0,0,0,0,0,0
He is a killer at everything,0,0,0,0,0,0
absolutely amazing idea,0,0,0,0,0,0
That is a fucking lovely performance,0,0,1,0,0,0
b1+(h,1,0,1,0,1,0
That is damn genius,0,0,1,0,0,0
That is a absolutely wicked game,0,0,0,0,0,0
That is a totally dope performance,0,0,0,0,0,0
That is a really amazing work,0,0,0,0,0,0
That is a damn awesome movie,0,0,1,0,0,0
That is freaking beautiful,0,0,0,0,0,0
That is a absolutely wicked song,0,0,0,0,0,0
Honestly freaking dope,0,0,0,0,0,0
Honestly freaking incredible,0,0,0,0,0,0
This is fucking wonderful,0,0,1,0,0,0
Your secrets are always safe with me because I never listen to you,1,0,0,0,1,0
You are a legend with the guitar,0,0,0,0,0,0
That is a hella awesome song,0,0,1,0,0,0
I would explain it to you but I don't have any crayons,1,0,0,0,1,0
bloody dope game,0,0,1,0,0,0
Honestly freaking sick,0,0,0,0,0,0
You are a beast with the piano,0,0,0,0,0,0
She is a total killer at designing,0,0,0,0,0,0
Truly freaking incredible,0,0,0,0,0,0
Just freaking funny,0,0,0,0,0,0
freaking nice code,0,0,0,0,0,0
It was really nice,0,0,0,0,0,0
You are a wizard at designing,0,0,0,0,0,0
freaking genius idea,0,0,0,0,0,0
freaking talented idea,0,0,0,0,0,0
That is a hella wonderful art,0,0,1,0,0,0
It was really good,0,0,0,0,0,0
You are a beast at designing,0,0,0,0,0,0
That is a totally awesome code,0,0,0,0,0,0
really sick idea,0,0,0,0,0,0
That is a fucking good game,0,0,1,0,0,0
Truly totally good,0,0,0,0,0,0
You represent a.s.s.h.o.l.e,1,0,1,0,1,0
That is fucking perfect,0,0,1,0,0,0
She is a total legend on python,0,0,0,0,0,0
She is a total demon on solving problems,0,0,0,0,0,0
bloody best idea,0,0,1,0,0,0
Just absolutely beautiful,0,0,0,0,0,0
That is a totally dope song,0,0,0,0,0,0
"If laughter is the best medicine, your face must be curing the world",1,0,0,0,1,0
Truly hella incredible,0,0,1,0,0,0
Honestly really awesome,0,0,0,0,0,0
That is a hella sick idea,0,0,1,0,0,0
You are a legend at the piano,0,0,0,0,0,0
totally best performance,0,0,0,0,0,0
I hate exam,0,0,0,0,0,0
You are really brilliant,0,0,0,0,0,0
Truly bloody magnificent,0,0,1,0,0,0
That is a absolutely good performance,0,0,0,0,0,0
That is a freaking legendary job,0,0,0,0,0,0
He is a wizard at chess,0,0,0,0,0,0
You are a monster on football,0,0,0,0,0,0
You are impossible to underestimate,1,0,0,0,1,0
He is a wizard at the guitar,0,0,0,0,0,0
freaking lovely performance,0,0,0,0,0,0
You are a machine with python,0,0,0,0,0,0
fucking magnificent movie,0,0,1,0,0,0
That is a hella great game,0,0,1,0,0,0
It was freaking fantastic,0,0,0,0,0,0
She is a total legend with cooking,0,0,0,0,0,0
You are bloody cool,0,0,1,0,0,0
fucking legendary game,0,0,1,0,0,0
Just fucking good,0,0,1,0,0,0
bloody best song,0,0,1,0,0,0
She is a total machine at football,0,0,0,0,0,0
It was hella nice,0,0,1,0,0,0
freaking sick movie,0,0,0,0,0,0
Just fucking fantastic,0,0,1,0,0,0
freaking beautiful art,0,0,0,0,0,0
hella superb work,0,0,1,0,0,0
That is a really good game,0,0,0,0,0,0
He is a killer on football,0,0,0,0,0,0
This is absolutely legendary,0,0,0,0,0,0
That is a absolutely sick work,0,0,0,0,0,0
That is a fucking lovely design,0,0,1,0,0,0
Honestly bloody genius,0,0,1,0,0,0
That is a hella incredible performance,0,0,1,0,0,0
It was bloody perfect,0,0,1,0,0,0
This is bloody amazing,0,0,1,0,0,0
He is a demon with solving problems,0,0,0,0,0,0
You are a demon at the piano,0,0,0,0,0,0
freaking brilliant idea,0,0,0,0,0,0
Honestly bloody brilliant,0,0,1,0,0,0
This is absolutely amazing,0,0,0,0,0,0
Honestly bloody funny,0,0,1,0,0,0
whore,1,0,1,0,1,0
"If laughter is the best medicine, your face must be curing the world",1,0,0,0,1,0
That is a freaking brilliant art,0,0,0,0,0,0
Just totally lovely,0,0,0,0,0,0
He is a wizard on the piano,0,0,0,0,0,0
Truly bloody dope,0,0,1,0,0,0
It was really genius,0,0,0,0,0,0
That is a totally beautiful idea,0,0,0,0,0,0
That is a really genius movie,0,0,0,0,0,0
fucking talented idea,0,0,1,0,0,0
She is a total beast with designing,0,0,0,0,0,0
That is a freaking funny song,0,0,0,0,0,0
really superb game,0,0,0,0,0,0
That is a damn good art,0,0,1,0,0,0
This is really good,0,0,0,0,0,0
It was bloody smart,0,0,1,0,0,0
That was a killer move,0,0,0,0,0,0
"If laughter is the best medicine, your face must be curing the world",1,0,0,0,1,0
Honestly damn fantastic,0,0,1,0,0,0
That is hella spectacular,0,0,1,0,0,0
That is a fucking nice movie,0,0,1,0,0,0
That is a fucking perfect art,0,0,1,0,0,0
That is a fucking wicked performance,0,0,1,0,0,0
freaking fantastic game,0,0,0,0,0,0
That is a hella beautiful game,0,0,1,0,0,0
That is a really excellent game,0,0,0,0,0,0
That is a freaking wicked job,0,0,0,0,0,0
You are fucking talented,0,0,1,0,0,0
This is freaking lovely,0,0,0,0,0,0
fucking magnificent performance,0,0,1,0,0,0
totally wicked performance,0,0,0,0,0,0
It was really magnificent,0,0,0,0,0,0
You are freaking excellent,0,0,0,0,0,0
totally perfect idea,0,0,0,0,0,0
You are not pretty enough to be this stupid,1,0,0,0,1,0
That is a totally talented art,0,0,0,0,0,0
Truly really smart,0,0,0,0,0,0
You are a wizard with football,0,0,0,0,0,0
Honestly fucking spectacular,0,0,1,0,0,0
That is a absolutely sick song,0,0,0,0,0,0
That is a fucking fantastic song,0,0,1,0,0,0
Honestly bloody perfect,0,0,1,0,0,0
really best song,0,0,0,0,0,0
You are a monster at everything,0,0,0,0,0,0
Truly hella wicked,0,0,1,0,0,0
Honestly damn wicked,0,0,1,0,0,0
bloody nice design,0,0,1,0,0,0
bloody talented game,0,0,1,0,0,0
damn lovely game,0,0,1,0,0,0
That is a totally wonderful song,0,0,0,0,0,0
freaking excellent design,0,0,0,0,0,0
She is a total monster at chess,0,0,0,0,0,0
Wisdom has been chasing you but you have always been faster,1,0,0,0,1,0
That is a damn wonderful song,0,0,1,0,0,0
You are damn wicked,0,0,1,0,0,0
That is a totally great job,0,0,0,0,0,0
She is a total demon with chess,0,0,0,0,0,0
really sick game,0,0,0,0,0,0
That is really incredible,0,0,0,0,0,0
That is a bloody nice idea,0,0,1,0,0,0
That is a bloody spectacular performance,0,0,1,0,0,0
Just fucking nice,0,0,1,0,0,0
You are bloody beautiful,0,0,1,0,0,0
Truly damn amazing,0,0,1,0,0,0
That is a fucking genius idea,0,0,1,0,0,0
You represent n1gger,1,0,1,0,1,0
You are a machine at the piano,0,0,0,0,0,0
That is freaking genius,0,0,0,0,0,0
Honestly damn great,0,0,1,0,0,0
This is freaking great,0,0,0,0,0,0
That is a fucking nice performance,0,0,1,0,0,0
You are proof that evolution can go in reverse,1,0,0,0,1,0
She is a total machine at python,0,0,0,0,0,0
fucking best performance,0,0,1,0,0,0
It was fucking sick,0,0,1,0,0,0
You are a killer with the piano,0,0,0,0,0,0
God is so unfair to take away your intelligence,1,0,0,0,1,0
It was fucking best,0,0,1,0,0,0
She is a total machine on football,0,0,0,0,0,0
She is a total monster on football,0,0,0,0,0,0
You are a legend at football,0,0,0,0,0,0
She is a total beast on coding,0,0,0,0,0,0
Your secrets are always safe with me because I never listen to you,1,0,0,0,1,0
totally smart movie,0,0,0,0,0,0
fucking great job,0,0,1,0,0,0
freaking brilliant design,0,0,0,0,0,0
You are fucking sick,0,0,1,0,0,0
That is a freaking talented game,0,0,0,0,0,0
That is a fucking spectacular movie,0,0,1,0,0,0
You are a legend with everything,0,0,0,0,0,0
That is a bloody excellent job,0,0,1,0,0,0
That is a freaking wonderful movie,0,0,0,0,0,0
That is a hella incredible idea,0,0,1,0,0,0
Truly totally excellent,0,0,0,0,0,0
hella brilliant movie,0,0,1,0,0,0
damn cool work,0,0,1,0,0,0
"Please try thinking, it's not illegal yet",1,0,0,0,1,0
That is a damn awesome code,0,0,1,0,0,0
You are a waste of space and time,1,0,0,0,1,0
Just really magnificent,0,0,0,0,0,0
Just damn incredible,0,0,1,0,0,0
hella wicked design,0,0,1,0,0,0
"I forgot the world revolves around you, my apologies",1,0,0,0,1,0
Honestly absolutely lovely,0,0,0,0,0,0
fucking perfect idea,0,0,1,0,0,0
She is a total machine on everything,0,0,0,0,0,0
That is a really lovely work,0,0,0,0,0,0
Just fucking wicked,0,0,1,0,0,0
You are a demon with solving problems,0,0,0,0,0,0
You are not pretty enough to be this stupid,1,0,0,0,1,0
really best performance,0,0,0,0,0,0
stfu,1,0,1,0,1,0
You are a wizard at the piano,0,0,0,0,0,0
Wisdom has been chasing you but you have always been faster,1,0,0,0,1,0
That is a damn spectacular art,0,0,1,0,0,0
hella fantastic song,0,0,1,0,0,0
That is a really superb design,0,0,0,0,0,0
n1gger,1,0,1,0,1,0
You are a demon with football,0,0,0,0,0,0
That is a freaking funny work,0,0,0,0,0,0
You are really sick,0,0,0,0,0,0
Truly bloody wonderful,0,0,1,0,0,0
It was totally magnificent,0,0,0,0,0,0
This is fucking perfect,0,0,1,0,0,0
This is bloody brilliant,0,0,1,0,0,0
"Please try thinking, it's not illegal yet",1,0,0,0,1,0
It was freaking best,0,0,0,0,0,0
He is a wizard with cooking,0,0,0,0,0,0
He is a wizard with chess,0,0,0,0,0,0
That is a fucking talented song,0,0,1,0,0,0
Your secrets are always safe with me because I never listen to you,1,0,0,0,1,0
Honestly hella best,0,0,1,0,0,0
That is totally nice,0,0,0,0,0,0
Truly totally wonderful,0,0,0,0,0,0
She is a total machine on gaming,0,0,0,0,0,0
It was absolutely lovely,0,0,0,0,0,0
She is a total demon on chess,0,0,0,0,0,0
You are a beast with cooking,0,0,0,0,0,0
fucking great work,0,0,1,0,0,0
She is a total demon on the piano,0,0,0,0,0,0
really funny job,0,0,0,0,0,0
This is fucking good,0,0,1,0,0,0
That is a totally awesome art,0,0,0,0,0,0
You represent (vn+,1,0,1,0,1,0
He is a legend with everything,0,0,0,0,0,0
You are absolutely funny,0,0,0,0,0,0
That is a bloody nice performance,0,0,1,0,0,0
You are bloody genius,0,0,1,0,0,0
You are a waste of space and time,1,0,0,0,1,0
That is a really wonderful movie,0,0,0,0,0,0
This is hella incredible,0,0,1,0,0,0
That is really magnificent,0,0,0,0,0,0
gtfo,1,0,1,0,0,0
You are really magnificent,0,0,0,0,0,0
That is a freaking superb design,0,0,0,0,0,0
totally great art,0,0,0,0,0,0
He is a machine on gaming,0,0,0,0,0,0
freaking smart design,0,0,0,0,0,0
hella talented art,0,0,1,0,0,0
You are absolutely best,0,0,0,0,0,0
You are a monster at chess,0,0,0,0,0,0
really awesome code,0,0,0,0,0,0
You are a demon with designing,0,0,0,0,0,0
She is a total beast on the piano,0,0,0,0,0,0
She is a total machine with chess,0,0,0,0,0,0
This is hella talented,0,0,1,0,0,0
Your secrets are always safe with me because I never listen to you,1,0,0,0,1,0
He is a wizard on solving problems,0,0,0,0,0,0
Just bloody magnificent,0,0,1,0,0,0
Just damn smart,0,0,1,0,0,0
You are the reason instructions are written on shampoo bottles,1,0,0,0,1,0
That is really awesome,0,0,0,0,0,0
That is totally smart,0,0,0,0,0,0
You are a demon with gaming,0,0,0,0,0,0
Truly really brilliant,0,0,0,0,0,0
freaking funny work,0,0,0,0,0,0
That is a really cool work,0,0,0,0,0,0
You are damn awesome,0,0,1,0,0,0
She is a total monster on designing,0,0,0,0,0,0
That is a bloody cool art,0,0,1,0,0,0
Your secrets are always safe with me because I never listen to you,1,0,0,0,1,0
You are freaking good,0,0,0,0,0,0
That is a damn cool idea,0,0,1,0,0,0
That is a damn nice game,0,0,1,0,0,0
loser,1,0,0,0,1,0
You are not pretty enough to be this stupid,1,0,0,0,1,0
hella incredible code,0,0,1,0,0,0
Just absolutely funny,0,0,0,0,0,0
It was bloody awesome,0,0,1,0,0,0
That is a damn smart performance,0,0,1,0,0,0
You are freaking wonderful,0,0,0,0,0,0
That is a hella beautiful performance,0,0,1,0,0,0
It was totally smart,0,0,0,0,0,0
fucking beautiful job,0,0,1,0,0,0
Just bloody good,0,0,1,0,0,0
You are really wonderful,0,0,0,0,0,0
damn fantastic code,0,0,1,0,0,0
That is a really sick job,0,0,0,0,0,0
That is a really cool song,0,0,0,0,0,0
That is a fucking excellent performance,0,0,1,0,0,0
That is a absolutely wonderful movie,0,0,0,0,0,0
bloody cool song,0,0,1,0,0,0
fucking brilliant idea,0,0,1,0,0,0
That is a absolutely lovely work,0,0,0,0,0,0
freaking funny code,0,0,0,0,0,0
Just freaking sick,0,0,0,0,0,0
You are not pretty enough to be this stupid,1,0,0,0,1,0
damn nice movie,0,0,1,0,0,0
totally wicked movie,0,0,0,0,0,0
kys,1,0,0,1,0,0
really talented code,0,0,0,0,0,0
That is a totally best idea,0,0,0,0,0,0
fucking legendary code,0,0,1,0,0,0
Just totally fantastic,0,0,0,0,0,0
damn nice art,0,0,1,0,0,0
Truly damn fantastic,0,0,1,0,0,0
Just fucking cool,0,0,1,0,0,0
Truly absolutely best,0,0,0,0,0,0
You represent n1gger,1,0,1,0,1,0
Honestly hella legendary,0,0,1,0,0,0
That is a really great code,0,0,0,0,0,0
bloody perfect performance,0,0,1,0,0,0
She is a total killer with the guitar,0,0,0,0,0,0
freaking funny song,0,0,0,0,0,0
You are totally great,0,0,0,0,0,0
Truly really spectacular,0,0,0,0,0,0
freaking magnificent code,0,0,0,0,0,0
That is a damn sick game,0,0,1,0,0,0
damn perfect idea,0,0,1,0,0,0
That is a totally magnificent game,0,0,0,0,0,0
totally cool job,0,0,0,0,0,0
freaking magnificent song,0,0,0,0,0,0
totally wicked song,0,0,0,0,0,0
Truly hella funny,0,0,1,0,0,0
You are absolutely wonderful,0,0,0,0,0,0
You are the reason instructions are written on shampoo bottles,1,0,0,0,1,0
That is a bloody sick design,0,0,1,0,0,0
It was bloody sick,0,0,1,0,0,0
You are a killer with gaming,0,0,0,0,0,0
That is a bloody incredible code,0,0,1,0,0,0
She is a total killer on chess,0,0,0,0,0,0
That is bloody awesome,0,0,1,0,0,0
You bring so much joy when you leave the room,1,0,0,0,1,0
stfu,1,0,1,0,1,0
Just freaking incredible,0,0,0,0,0,0
That is a really nice movie,0,0,0,0,0,0
fucking cool movie,0,0,1,0,0,0
hella funny movie,0,0,1,0,0,0
Truly bloody spectacular,0,0,1,0,0,0
fv(|<,1,0,1,0,1,0
That is a freaking spectacular performance,0,0,0,0,0,0
totally spectacular song,0,0,0,0,0,0
Honestly really beautiful,0,0,0,0,0,0
Truly freaking superb,0,0,0,0,0,0
He is a machine on coding,0,0,0,0,0,0
It was fucking funny,0,0,1,0,0,0
That is really brilliant,0,0,0,0,0,0
Somewhere a tree is working hard to replace the oxygen you waste,1,0,0,0,1,0
Truly totally talented,0,0,0,0,0,0
This is totally smart,0,0,0,0,0,0
That is a totally superb song,0,0,0,0,0,0
totally spectacular design,0,0,0,0,0,0
I hate lag,0,0,0,0,0,0
You bring so much joy when you leave the room,1,0,0,0,1,0
totally best song,0,0,0,0,0,0
damn amazing code,0,0,1,0,0,0
absolutely cool job,0,0,0,0,0,0
Honestly damn awesome,0,0,1,0,0,0
This is freaking brilliant,0,0,0,0,0,0
This is totally spectacular,0,0,0,0,0,0
That is a fucking amazing performance,0,0,1,0,0,0
c.u.n.t,1,0,1,0,1,0
That is a bloody good game,0,0,1,0,0,0
You are really great,0,0,0,0,0,0
Just absolutely cool,0,0,0,0,0,0
fucking cool design,0,0,1,0,0,0
"I forgot the world revolves around you, my apologies",1,0,0,0,1,0
That is hella great,0,0,1,0,0,0
That is a really cool design,0,0,0,0,0,0
totally awesome game,0,0,0,0,0,0
absolutely talented job,0,0,0,0,0,0
That is a freaking perfect code,0,0,0,0,0,0
totally magnificent art,0,0,0,0,0,0
$h1+,1,0,1,0,1,0
That is damn fantastic,0,0,1,0,0,0
Truly bloody amazing,0,0,1,0,0,0
Honestly totally beautiful,0,0,0,0,0,0
That is a freaking talented job,0,0,0,0,0,0
You represent fv(|<,1,0,1,0,1,0
This is really superb,0,0,0,0,0,0
That is a damn fantastic movie,0,0,1,0,0,0
hella beautiful art,0,0,1,0,0,0
She is a total beast at chess,0,0,0,0,0,0
n i g g e r,1,0,1,0,1,0
That is a really dope job,0,0,0,0,0,0
You bring so much joy when you leave the room,1,0,0,0,1,0
You are absolutely excellent,0,0,0,0,0,0
Honestly damn amazing,0,0,1,0,0,0
Honestly really brilliant,0,0,0,0,0,0
You are a killer with solving problems,0,0,0,0,0,0
She is a total legend at everything,0,0,0,0,0,0
That is really good,0,0,0,0,0,0
That is a hella great idea,0,0,1,0,0,0
That is a bloody funny design,0,0,1,0,0,0
That is a freaking wonderful song,0,0,0,0,0,0
You are absolutely wicked,0,0,0,0,0,0
You are fucking magnificent,0,0,1,0,0,0
That is a absolutely great game,0,0,0,0,0,0
That is a freaking superb idea,0,0,0,0,0,0
You are a wizard at the guitar,0,0,0,0,0,0
damn spectacular movie,0,0,1,0,0,0
He is a beast at coding,0,0,0,0,0,0
bloody superb design,0,0,1,0,0,0
Truly absolutely legendary,0,0,0,0,0,0
totally incredible idea,0,0,0,0,0,0
She is a total wizard with solving problems,0,0,0,0,0,0
Just hella cool,0,0,1,0,0,0
That is fucking funny,0,0,1,0,0,0
You are freaking fantastic,0,0,0,0,0,0
You are a machine at the guitar,0,0,0,0,0,0
Just really incredible,0,0,0,0,0,0
He is a machine with cooking,0,0,0,0,0,0
Truly really dope,0,0,0,0,0,0
Truly totally great,0,0,0,0,0,0
That is absolutely incredible,0,0,0,0,0,0
That is a absolutely great song,0,0,0,0,0,0
It was freaking wonderful,0,0,0,0,0,0
hella genius code,0,0,1,0,0,0
It was damn smart,0,0,1,0,0,0
Honestly damn good,0,0,1,0,0,0
He is a machine with the guitar,0,0,0,0,0,0
fucking awesome art,0,0,1,0,0,0
absolutely fantastic art,0,0,0,0,0,0
Just damn talented,0,0,1,0,0,0
hella excellent idea,0,0,1,0,0,0
That is a absolutely magnificent art,0,0,0,0,0,0
gtfo,1,0,1,0,0,0
hella talented performance,0,0,1,0,0,0
It was damn cool,0,0,1,0,0,0
She is a total monster on cooking,0,0,0,0,0,0
It was fucking superb,0,0,1,0,0,0
That is a damn legendary code,0,0,1,0,0,0
You bring so much joy when you leave the room,1,0,0,0,1,0
That is a fucking wicked song,0,0,1,0,0,0
fucking magnificent art,0,0,1,0,0,0
That is a damn great job,0,0,1,0,0,0
Truly really best,0,0,0,0,0,0
totally dope design,0,0,0,0,0,0
You are really excellent,0,0,0,0,0,0
That is a totally smart design,0,0,0,0,0,0
You are hella smart,0,0,1,0,0,0
That is a totally sick work,0,0,0,0,0,0
She is a total wizard at python,0,0,0,0,0,0
really legendary movie,0,0,0,0,0,0
You represent c.u.n.t,1,0,1,0,1,0
Just totally nice,0,0,0,0,0,0
That is a hella incredible game,0,0,1,0,0,0
He is a machine at python,0,0,0,0,0,0
Just damn lovely,0,0,1,0,0,0
totally superb art,0,0,0,0,0,0
You are not pretty enough to be this stupid,1,0,0,0,1,0
That is a freaking wonderful work,0,0,0,0,0,0
Just really legendary,0,0,0,0,0,0
Honestly hella smart,0,0,1,0,0,0
This is totally magnificent,0,0,0,0,0,0
She is a total legend at cooking,0,0,0,0,0,0
Honestly absolutely amazing,0,0,0,0,0,0
That is a totally nice job,0,0,0,0,0,0
That is a absolutely cool job,0,0,0,0,0,0
That is bloody sick,0,0,1,0,0,0
That is a fucking smart game,0,0,1,0,0,0
bloody spectacular performance,0,0,1,0,0,0
You are absolutely good,0,0,0,0,0,0
He is a wizard on cooking,0,0,0,0,0,0
This is hella great,0,0,1,0,0,0
Honestly bloody legendary,0,0,1,0,0,0
damn perfect job,0,0,1,0,0,0
bloody smart idea,0,0,1,0,0,0
totally magnificent game,0,0,0,0,0,0
fucking smart design,0,0,1,0,0,0
She is a total wizard on cooking,0,0,0,0,0,0
bloody brilliant performance,0,0,1,0,0,0
hella brilliant game,0,0,1,0,0,0
That is bloody genius,0,0,1,0,0,0
You represent f@gg0+,1,0,1,0,1,0
You have a very large brain for someone who doesn't use it,1,0,0,0,1,0
That is a freaking beautiful art,0,0,0,0,0,0
bloody funny idea,0,0,1,0,0,0
You are a machine on python,0,0,0,0,0,0
bloody sick work,0,0,1,0,0,0
That is a totally superb art,0,0,0,0,0,0
hella brilliant code,0,0,1,0,0,0
Just absolutely legendary,0,0,0,0,0,0
That is a hella amazing code,0,0,1,0,0,0
Honestly totally smart,0,0,0,0,0,0
absolutely wonderful movie,0,0,0,0,0,0
damn sick game,0,0,1,0,0,0
That is bloody lovely,0,0,1,0,0,0
absolutely spectacular song,0,0,0,0,0,0
That is a hella best performance,0,0,1,0,0,0
That is a freaking lovely performance,0,0,0,0,0,0
That is a hella good art,0,0,1,0,0,0
hella sick job,0,0,1,0,0,0
hella legendary song,0,0,1,0,0,0
This is bloody legendary,0,0,1,0,0,0
"Keep rolling your eyes, maybe you'll find a brain back there",1,0,0,0,1,0
It was freaking superb,0,0,0,0,0,0
That is fucking nice,0,0,1,0,0,0
That is a hella best game,0,0,1,0,0,0
totally dope game,0,0,0,0,0,0
That is a hella fantastic code,0,0,1,0,0,0
That is a hella fantastic design,0,0,1,0,0,0
fucking spectacular song,0,0,1,0,0,0
He is a killer with the piano,0,0,0,0,0,0
idiot,1,0,0,0,1,0
Honestly damn beautiful,0,0,1,0,0,0
I hate my job,0,0,0,0,0,0
Just absolutely genius,0,0,0,0,0,0
idiot,1,0,0,0,1,0
That is bloody best,0,0,1,0,0,0
That is a freaking amazing code,0,0,0,0,0,0
freaking talented song,0,0,0,0,0,0
That is freaking awesome,0,0,0,0,0,0
That is really fantastic,0,0,0,0,0,0
You are a waste of space and time,1,0,0,0,1,0
Honestly totally funny,0,0,0,0,0,0
damn magnificent job,0,0,1,0,0,0
really brilliant job,0,0,0,0,0,0
Somewhere a tree is working hard to replace the oxygen you waste,1,0,0,0,1,0
Truly bloody funny,0,0,1,0,0,0
That is bloody brilliant,0,0,1,0,0,0
It was absolutely best,0,0,0,0,0,0
really lovely art,0,0,0,0,0,0
That is hella best,0,0,1,0,0,0
Truly damn dope,0,0,1,0,0,0
That is a absolutely wicked design,0,0,0,0,0,0
It was fucking spectacular,0,0,1,0,0,0
That is a fucking genius song,0,0,1,0,0,0
bloody best performance,0,0,1,0,0,0
It was absolutely beautiful,0,0,0,0,0,0
Your birth certificate is an apology letter from the condom factory,1,0,0,0,1,0
That is a bloody lovely song,0,0,1,0,0,0
He is a wizard on chess,0,0,0,0,0,0
You represent a.s.s.h.o.l.e,1,0,1,0,1,0
That is a fucking cool job,0,0,1,0,0,0
That is a freaking best design,0,0,0,0,0,0
That is a absolutely nice performance,0,0,0,0,0,0
It was hella magnificent,0,0,1,0,0,0
You are the reason instructions are written on shampoo bottles,1,0,0,0,1,0
That is a really perfect work,0,0,0,0,0,0
Just really nice,0,0,0,0,0,0
She is a total monster on solving problems,0,0,0,0,0,0
kys,1,0,0,1,0,0
Honestly freaking superb,0,0,0,0,0,0
It was hella lovely,0,0,1,0,0,0
That is a fucking brilliant game,0,0,1,0,0,0
really awesome movie,0,0,0,0,0,0
really nice design,0,0,0,0,0,0
She is a total legend on designing,0,0,0,0,0,0
You are the reason instructions are written on shampoo bottles,1,0,0,0,1,0
He is a demon on football,0,0,0,0,0,0
That is a really wicked idea,0,0,0,0,0,0
Just bloody perfect,0,0,1,0,0,0
That is a bloody beautiful job,0,0,1,0,0,0
That is really perfect,0,0,0,0,0,0
"Please try thinking, it's not illegal yet",1,0,0,0,1,0
That is a freaking talented work,0,0,0,0,0,0
Just absolutely great,0,0,0,0,0,0
fucking awesome movie,0,0,1,0,0,0
He is a legend on coding,0,0,0,0,0,0
I would explain it to you but I don't have any crayons,1,0,0,0,1,0
It was hella great,0,0,1,0,0,0
That is a damn amazing idea,0,0,1,0,0,0
bloody excellent song,0,0,1,0,0,0
You are a wizard with chess,0,0,0,0,0,0
I really hate spiders,0,0,0,0,0,0
You are totally brilliant,0,0,0,0,0,0
It was really cool,0,0,0,0,0,0
freaking excellent game,0,0,0,0,0,0
bloody dope idea,0,0,1,0,0,0
That is bloody excellent,0,0,1,0,0,0
You are a legend with football,0,0,0,0,0,0
Just really superb,0,0,0,0,0,0
You are a demon on the guitar,0,0,0,0,0,0
fucking nice movie,0,0,1,0,0,0
kill yourself,1,0,0,1,0,0
That is freaking best,0,0,0,0,0,0
Truly fucking smart,0,0,1,0,0,0
It was hella cool,0,0,1,0,0,0
hella amazing job,0,0,1,0,0,0
That is a freaking superb song,0,0,0,0,0,0
Honestly hella wicked,0,0,1,0,0,0
You are a wizard at coding,0,0,0,0,0,0
Somewhere a tree is working hard to replace the oxygen you waste,1,0,0,0,1,0
Just bloody talented,0,0,1,0,0,0
You are impossible to underestimate,1,0,0,0,1,0
That is a fucking brilliant idea,0,0,1,0,0,0
Truly totally spectacular,0,0,0,0,0,0
freaking beautiful design,0,0,0,0,0,0
That is freaking superb,0,0,0,0,0,0
That is fucking legendary,0,0,1,0,0,0
You are really nice,0,0,0,0,0,0
That is a damn cool code,0,0,1,0,0,0
really spectacular performance,0,0,0,0,0,0
That is a hella excellent movie,0,0,1,0,0,0
Honestly freaking great,0,0,0,0,0,0
really sick art,0,0,0,0,0,0
fucking beautiful work,0,0,1,0,0,0
He is a machine at the piano,0,0,0,0,0,0
It was freaking magnificent,0,0,0,0,0,0
bloody talented performance,0,0,1,0,0,0
Wisdom has been chasing you but you have always been faster,1,0,0,0,1,0
damn spectacular performance,0,0,1,0,0,0
absolutely brilliant work,0,0,0,0,0,0
That is a freaking magnificent code,0,0,0,0,0,0
hella incredible idea,0,0,1,0,0,0
totally dope song,0,0,0,0,0,0
That is a hella genius game,0,0,1,0,0,0
That is a absolutely superb work,0,0,0,0,0,0
That is a hella fantastic movie,0,0,1,0,0,0
That is a totally great game,0,0,0,0,0,0
He is a wizard with solving problems,0,0,0,0,0,0
She is a total wizard at everything,0,0,0,0,0,0
That is a fucking beautiful art,0,0,1,0,0,0
That is a absolutely talented idea,0,0,0,0,0,0
That is a bloody funny movie,0,0,1,0,0,0
That is a fucking brilliant design,0,0,1,0,0,0
That is a damn beautiful job,0,0,1,0,0,0
He is a wizard with designing,0,0,0,0,0,0
freaking dope art,0,0,0,0,0,0
This is freaking wonderful,0,0,0,0,0,0
That is a hella wicked performance,0,0,1,0,0,0
s.h.i.t,1,0,1,0,1,0
You are hella lovely,0,0,1,0,0,0
That is a damn wonderful game,0,0,1,0,0,0
totally genius design,0,0,0,0,0,0
This is freaking wicked,0,0,0,0,0,0
totally nice game,0,0,0,0,0,0
He is a machine on chess,0,0,0,0,0,0
Honestly fucking genius,0,0,1,0,0,0
moron,1,0,0,0,1,0
Just hella brilliant,0,0,1,0,0,0
Truly really funny,0,0,0,0,0,0
hella perfect design,0,0,1,0,0,0
You represent $h1+,1,0,1,0,1,0
You are totally wonderful,0,0,0,0,0,0
damn genius code,0,0,1,0,0,0
Truly really wonderful,0,0,0,0,0,0
You are a legend on gaming,0,0,0,0,0,0
hella amazing movie,0,0,1,0,0,0
That is hella cool,0,0,1,0,0,0
I envy people who have not met you,1,0,0,0,1,0
This is bloody wonderful,0,0,1,0,0,0
You are a demon on coding,0,0,0,0,0,0
She is a total demon at chess,0,0,0,0,0,0
Just really cool,0,0,0,0,0,0
stfu,1,0,1,0,1,0
That is a really beautiful movie,0,0,0,0,0,0
You are a beast at chess,0,0,0,0,0,0
She is a total monster with everything,0,0,0,0,0,0
That is a damn fantastic idea,0,0,1,0,0,0
She is a total legend with football,0,0,0,0,0,0
That is a hella talented code,0,0,1,0,0,0
Truly hella magnificent,0,0,1,0,0,0
This is absolutely smart,0,0,0,0,0,0
You have the perfect face for radio,1,0,0,0,1,0
Honestly absolutely nice,0,0,0,0,0,0
Truly really nice,0,0,0,0,0,0
You are not pretty enough to be this stupid,1,0,0,0,1,0
This is totally awesome,0,0,0,0,0,0
That is a bloody nice game,0,0,1,0,0,0
That is a really funny work,0,0,0,0,0,0
b i t c h,1,0,1,0,1,0
retard,1,0,1,0,1,0
That is hella incredible,0,0,1,0,0,0
hella excellent work,0,0,1,0,0,0
That is a damn superb game,0,0,1,0,0,0
You are a beast at football,0,0,0,0,0,0
That is a hella superb work,0,0,1,0,0,0
Honestly bloody nice,0,0,1,0,0,0
You are really fantastic,0,0,0,0,0,0
hella awesome idea,0,0,1,0,0,0
That is a bloody cool game,0,0,1,0,0,0
It was really best,0,0,0,0,0,0
loser,1,0,0,0,1,0
That is freaking wonderful,0,0,0,0,0,0
fucking wonderful game,0,0,1,0,0,0
That is a bloody smart idea,0,0,1,0,0,0
fucking beautiful code,0,0,1,0,0,0
God is so unfair to take away your intelligence,1,0,0,0,1,0
That is a bloody best idea,0,0,1,0,0,0
Truly fucking excellent,0,0,1,0,0,0
You are really superb,0,0,0,0,0,0
Truly absolutely brilliant,0,0,0,0,0,0
Just totally cool,0,0,0,0,0,0
This is absolutely superb,0,0,0,0,0,0
You are absolutely superb,0,0,0,0,0,0
totally excellent song,0,0,0,0,0,0
This is hella dope,0,0,1,0,0,0
absolutely dope idea,0,0,0,0,0,0
moron,1,0,0,0,1,0
You represent f.a.g.g.o.t,1,0,1,0,1,0
Just bloody dope,0,0,1,0,0,0
This is fucking great,0,0,1,0,0,0
totally lovely movie,0,0,0,0,0,0
really great design,0,0,0,0,0,0
That is a damn fantastic performance,0,0,1,0,0,0
That is a really genius song,0,0,0,0,0,0
You represent n.i.g.g.e.r,1,0,1,0,1,0
You are impossible to underestimate,1,0,0,0,1,0
bloody amazing movie,0,0,1,0,0,0
Just hella excellent,0,0,1,0,0,0
Honestly bloody excellent,0,0,1,0,0,0
She is a total monster with the guitar,0,0,0,0,0,0
You are a killer with football,0,0,0,0,0,0
damn wicked work,0,0,1,0,0,0
fucking cool performance,0,0,1,0,0,0
She is a total wizard with python,0,0,0,0,0,0
That is a fucking genius art,0,0,1,0,0,0
That is a bloody magnificent idea,0,0,1,0,0,0
You are a beast on the guitar,0,0,0,0,0,0
That is a bloody good job,0,0,1,0,0,0
idiot,1,0,0,0,1,0
That is a damn smart movie,0,0,1,0,0,0
This is really nice,0,0,0,0,0,0
She is a total beast at everything,0,0,0,0,0,0
"Keep rolling your eyes, maybe you'll find a brain back there",1,0,0,0,1,0
She is a total beast on the guitar,0,0,0,0,0,0
That is a absolutely awesome song,0,0,0,0,0,0
freaking incredible art,0,0,0,0,0,0
really incredible work,0,0,0,0,0,0
Just totally wicked,0,0,0,0,0,0
God is so unfair to take away your intelligence,1,0,0,0,1,0
That is a absolutely good movie,0,0,0,0,0,0
That is a bloody funny performance,0,0,1,0,0,0
absolutely incredible song,0,0,0,0,0,0
totally excellent movie,0,0,0,0,0,0
"If laughter is the best medicine, your face must be curing the world",1,0,0,0,1,0
Honestly totally incredible,0,0,0,0,0,0
Just fucking great,0,0,1,0,0,0
hella perfect game,0,0,1,0,0,0
That is really dope,0,0,0,0,0,0
That is a fucking brilliant code,0,0,1,0,0,0
It was fucking fantastic,0,0,1,0,0,0
damn cool performance,0,0,1,0,0,0
Truly fucking sick,0,0,1,0,0,0
Truly hella genius,0,0,1,0,0,0
Truly damn cool,0,0,1,0,0,0
He is a demon at solving problems,0,0,0,0,0,0
totally sick design,0,0,0,0,0,0
It was hella funny,0,0,1,0,0,0
That is a totally brilliant movie,0,0,0,0,0,0
That is a totally perfect movie,0,0,0,0,0,0
That is freaking nice,0,0,0,0,0,0
That is fucking incredible,0,0,1,0,0,0
This is totally lovely,0,0,0,0,0,0
That is hella amazing,0,0,1,0,0,0
It was totally genius,0,0,0,0,0,0
bloody excellent job,0,0,1,0,0,0
You are fucking incredible,0,0,1,0,0,0
totally genius work,0,0,0,0,0,0
bloody wicked job,0,0,1,0,0,0
That is a totally superb performance,0,0,0,0,0,0
Honestly totally magnificent,0,0,0,0,0,0
It was bloody funny,0,0,1,0,0,0
That is a totally lovely art,0,0,0,0,0,0
I really hate rain,0,0,0,0,0,0
That is a damn amazing performance,0,0,1,0,0,0
That is a hella talented art,0,0,1,0,0,0
That is a really amazing movie,0,0,0,0,0,0
bloody fantastic job,0,0,1,0,0,0
hella cool game,0,0,1,0,0,0
Honestly freaking lovely,0,0,0,0,0,0
Your birth certificate is an apology letter from the condom factory,1,0,0,0,1,0
He is a demon with gaming,0,0,0,0,0,0
bloody sick design,0,0,1,0,0,0
That is a really magnificent job,0,0,0,0,0,0
totally best art,0,0,0,0,0,0
fucking smart game,0,0,1,0,0,0
Honestly absolutely superb,0,0,0,0,0,0
It was freaking funny,0,0,0,0,0,0
freaking talented performance,0,0,0,0,0,0
Honestly totally amazing,0,0,0,0,0,0
You are absolutely nice,0,0,0,0,0,0
bloody magnificent song,0,0,1,0,0,0
That is a really superb code,0,0,0,0,0,0
That is a totally brilliant idea,0,0,0,0,0,0
It was totally perfect,0,0,0,0,0,0
bloody sick art,0,0,1,0,0,0
He is a machine with the piano,0,0,0,0,0,0
totally dope art,0,0,0,0,0,0
Just bloody sick,0,0,1,0,0,0
She is a total beast on cooking,0,0,0,0,0,0
fucking legendary idea,0,0,1,0,0,0
You represent a s s h o l e,1,0,1,0,1,0
Just fucking amazing,0,0,1,0,0,0
This is bloody good,0,0,1,0,0,0
damn amazing song,0,0,1,0,0,0
Honestly freaking brilliant,0,0,0,0,0,0
Honestly really wonderful,0,0,0,0,0,0
It was freaking cool,0,0,0,0,0,0
Your secrets are always safe with me because I never listen to you,1,0,0,0,1,0
That is a really smart code,0,0,0,0,0,0
whore,1,0,1,0,1,0
It was really incredible,0,0,0,0,0,0
hella best performance,0,0,1,0,0,0
That is totally beautiful,0,0,0,0,0,0
That is a totally perfect performance,0,0,0,0,0,0
It was totally good,0,0,0,0,0,0
You are a machine at cooking,0,0,0,0,0,0
Honestly hella cool,0,0,1,0,0,0
That is a hella superb game,0,0,1,0,0,0
You are fucking perfect,0,0,1,0,0,0
Truly freaking spectacular,0,0,0,0,0,0
That is a totally wonderful design,0,0,0,0,0,0
This is bloody sick,0,0,1,0,0,0
That is a hella excellent work,0,0,1,0,0,0
You are totally nice,0,0,0,0,0,0
You are absolutely magnificent,0,0,0,0,0,0
hella wicked job,0,0,1,0,0,0
This is really genius,0,0,0,0,0,0
That is a freaking best performance,0,0,0,0,0,0
bloody genius work,0,0,1,0,0,0
That is a freaking perfect job,0,0,0,0,0,0
This is absolutely incredible,0,0,0,0,0,0
Honestly really genius,0,0,0,0,0,0
really cool song,0,0,0,0,0,0
freaking awesome work,0,0,0,0,0,0
It was hella incredible,0,0,1,0,0,0
That is a fucking spectacular game,0,0,1,0,0,0
That is a freaking legendary performance,0,0,0,0,0,0
Truly freaking funny,0,0,0,0,0,0
Truly damn magnificent,0,0,1,0,0,0
Honestly bloody dope,0,0,1,0,0,0
totally beautiful performance,0,0,0,0,0,0
She is a total killer with chess,0,0,0,0,0,0
freaking excellent job,0,0,0,0,0,0
This is hella magnificent,0,0,1,0,0,0
Honestly fucking legendary,0,0,1,0,0,0
Honestly freaking legendary,0,0,0,0,0,0
bloody beautiful design,0,0,1,0,0,0
That is a fucking beautiful work,0,0,1,0,0,0
That is a fucking genius movie,0,0,1,0,0,0
Honestly hella good,0,0,1,0,0,0
You are really spectacular,0,0,0,0,0,0
Truly totally funny,0,0,0,0,0,0
She is a total legend on solving problems,0,0,0,0,0,0
That is really great,0,0,0,0,0,0
freaking best work,0,0,0,0,0,0
God is so unfair to take away your intelligence,1,0,0,0,1,0
You are a demon at python,0,0,0,0,0,0
That is a damn best job,0,0,1,0,0,0
He is a killer with coding,0,0,0,0,0,0
That is a hella incredible movie,0,0,1,0,0,0
That is a really fantastic art,0,0,0,0,0,0
She is a total beast at gaming,0,0,0,0,0,0
freaking amazing art,0,0,0,0,0,0
It was damn awesome,0,0,1,0,0,0
She is a total monster on python,0,0,0,0,0,0
That is absolutely awesome,0,0,0,0,0,0
That is a bloody great performance,0,0,1,0,0,0
That is a totally nice code,0,0,0,0,0,0
You are damn superb,0,0,1,0,0,0
You are a killer at solving problems,0,0,0,0,0,0
This is hella lovely,0,0,1,0,0,0
You are really legendary,0,0,0,0,0,0
That is a hella smart job,0,0,1,0,0,0
You are really awesome,0,0,0,0,0,0
fucking wicked art,0,0,1,0,0,0
That is a totally wicked design,0,0,0,0,0,0
You are hella excellent,0,0,1,0,0,0
She is a total legend on the piano,0,0,0,0,0,0
She is a total legend on coding,0,0,0,0,0,0
You are not pretty enough to be this stupid,1,0,0,0,1,0
Just totally brilliant,0,0,0,0,0,0
That is totally superb,0,0,0,0,0,0
She is a total wizard at the piano,0,0,0,0,0,0
It was damn amazing,0,0,1,0,0,0
That is absolutely fantastic,0,0,0,0,0,0
freaking good idea,0,0,0,0,0,0
That is a freaking dope song,0,0,0,0,0,0
He is a legend on the piano,0,0,0,0,0,0
That is bloody funny,0,0,1,0,0,0
totally cool song,0,0,0,0,0,0
Just freaking spectacular,0,0,0,0,0,0
absolutely genius movie,0,0,0,0,0,0
It was absolutely dope,0,0,0,0,0,0
That is fucking great,0,0,1,0,0,0
hella beautiful game,0,0,1,0,0,0
freaking dope code,0,0,0,0,0,0
That is bloody legendary,0,0,1,0,0,0
This is absolutely awesome,0,0,0,0,0,0
It was absolutely spectacular,0,0,0,0,0,0
That is a really nice song,0,0,0,0,0,0
That is a totally awesome song,0,0,0,0,0,0
That is a hella smart idea,0,0,1,0,0,0
Just totally amazing,0,0,0,0,0,0
absolutely talented art,0,0,0,0,0,0
absolutely great song,0,0,0,0,0,0
You are a wizard with coding,0,0,0,0,0,0
really good design,0,0,0,0,0,0
You are a monster with designing,0,0,0,0,0,0
That is a freaking fantastic design,0,0,0,0,0,0
totally fantastic song,0,0,0,0,0,0
really talented work,0,0,0,0,0,0
That is absolutely brilliant,0,0,0,0,0,0
That is fucking wicked,0,0,1,0,0,0
You are proof that evolution can go in reverse,1,0,0,0,1,0
Honestly bloody superb,0,0,1,0,0,0
He is a beast on the piano,0,0,0,0,0,0
Honestly damn dope,0,0,1,0,0,0
That is a hella fantastic song,0,0,1,0,0,0
That is a freaking best art,0,0,0,0,0,0
absolutely beautiful art,0,0,0,0,0,0
You are damn dope,0,0,1,0,0,0
freaking genius game,0,0,0,0,0,0
You represent s h i t,1,0,1,0,1,0
She is a total machine with python,0,0,0,0,0,0
That is fucking dope,0,0,1,0,0,0
He is a killer at football,0,0,0,0,0,0
really cool work,0,0,0,0,0,0
Your secrets are always safe with me because I never listen to you,1,0,0,0,1,0
Just really sick,0,0,0,0,0,0
That is a hella talented design,0,0,1,0,0,0
That is a really dope code,0,0,0,0,0,0
Just bloody amazing,0,0,1,0,0,0
Truly absolutely magnificent,0,0,0,0,0,0
Somewhere a tree is working hard to replace the oxygen you waste,1,0,0,0,1,0
damn incredible work,0,0,1,0,0,0
Truly bloody smart,0,0,1,0,0,0
You are bloody sick,0,0,1,0,0,0
That is a freaking legendary idea,0,0,0,0,0,0
He is a monster at chess,0,0,0,0,0,0
That is a fucking brilliant song,0,0,1,0,0,0
That is a totally amazing art,0,0,0,0,0,0
Truly totally awesome,0,0,0,0,0,0
This is damn superb,0,0,1,0,0,0
That is a damn talented work,0,0,1,0,0,0
It was freaking perfect,0,0,0,0,0,0
You are a wizard at everything,0,0,0,0,0,0
totally best code,0,0,0,0,0,0
She is a total demon with python,0,0,0,0,0,0
That is a bloody amazing movie,0,0,1,0,0,0
That is a damn talented design,0,0,1,0,0,0
You are fucking good,0,0,1,0,0,0
That is hella wicked,0,0,1,0,0,0
You bring so much joy when you leave the room,1,0,0,0,1,0
Truly hella excellent,0,0,1,0,0,0
That is a totally nice idea,0,0,0,0,0,0
freaking superb idea,0,0,0,0,0,0
She is a total demon on gaming,0,0,0,0,0,0
That is a damn genius idea,0,0,1,0,0,0
Just hella talented,0,0,1,0,0,0
That is hella good,0,0,1,0,0,0
He is a killer on python,0,0,0,0,0,0
That is totally legendary,0,0,0,0,0,0
That is a totally magnificent art,0,0,0,0,0,0
Truly bloody best,0,0,1,0,0,0
He is a monster with cooking,0,0,0,0,0,0
Wisdom has been chasing you but you have always been faster,1,0,0,0,1,0
She is a total machine on the piano,0,0,0,0,0,0
This is fucking cool,0,0,1,0,0,0
really nice idea,0,0,0,0,0,0
He is a machine with football,0,0,0,0,0,0
freaking wonderful performance,0,0,0,0,0,0
You are the reason instructions are written on shampoo bottles,1,0,0,0,1,0
damn magnificent work,0,0,1,0,0,0
This is fucking fantastic,0,0,1,0,0,0
Just freaking magnificent,0,0,0,0,0,0
That is a totally wonderful art,0,0,0,0,0,0
stfu,1,0,1,0,1,0
Somewhere a tree is working hard to replace the oxygen you waste,1,0,0,0,1,0
You represent f.a.g.g.o.t,1,0,1,0,1,0
You are a wizard at python,0,0,0,0,0,0
Truly fucking nice,0,0,1,0,0,0
Wisdom has been chasing you but you have always been faster,1,0,0,0,1,0
Just hella incredible,0,0,1,0,0,0
Truly absolutely genius,0,0,0,0,0,0
You are a wizard at solving problems,0,0,0,0,0,0
Truly hella amazing,0,0,1,0,0,0
That is a damn nice performance,0,0,1,0,0,0
He is a killer on coding,0,0,0,0,0,0
Truly fucking awesome,0,0,1,0,0,0
damn superb job,0,0,1,0,0,0
totally awesome movie,0,0,0,0,0,0
Honestly hella nice,0,0,1,0,0,0
That is a fucking magnificent design,0,0,1,0,0,0
You are freaking funny,0,0,0,0,0,0
damn amazing work,0,0,1,0,0,0
This is fucking funny,0,0,1,0,0,0
absolutely wonderful work,0,0,0,0,0,0
This is freaking perfect,0,0,0,0,0,0
That is a fucking funny performance,0,0,1,0,0,0
He is a killer with the guitar,0,0,0,0,0,0
He is a machine on designing,0,0,0,0,0,0
This is bloody beautiful,0,0,1,0,0,0
It was damn excellent,0,0,1,0,0,0
Just damn genius,0,0,1,0,0,0
Truly totally wicked,0,0,0,0,0,0
bloody incredible code,0,0,1,0,0,0
She is a total wizard on coding,0,0,0,0,0,0
You are impossible to underestimate,1,0,0,0,1,0
freaking perfect code,0,0,0,0,0,0
That is a bloody sick movie,0,0,1,0,0,0
Honestly really best,0,0,0,0,0,0
Just freaking awesome,0,0,0,0,0,0
That is a absolutely incredible song,0,0,0,0,0,0
I would explain it to you but I don't have any crayons,1,0,0,0,1,0
damn superb work,0,0,1,0,0,0
It was hella awesome,0,0,1,0,0,0
hella cool work,0,0,1,0,0,0
That is a absolutely great movie,0,0,0,0,0,0
She is a total beast on gaming,0,0,0,0,0,0
absolutely good idea,0,0,0,0,0,0
Honestly absolutely perfect,0,0,0,0,0,0
That is a really superb song,0,0,0,0,0,0
hella genius game,0,0,1,0,0,0
totally nice idea,0,0,0,0,0,0
You are impossible to underestimate,1,0,0,0,1,0
It was totally beautiful,0,0,0,0,0,0
I'd agree with you but then we'd both be wrong,1,0,0,0,1,0
really nice art,0,0,0,0,0,0
That is absolutely funny,0,0,0,0,0,0
It was freaking amazing,0,0,0,0,0,0
You have a very large brain for someone who doesn't use it,1,0,0,0,1,0
You represent $h1+,1,0,1,0,1,0
freaking funny art,0,0,0,0,0,0
That is a really brilliant design,0,0,0,0,0,0
"Please try thinking, it's not illegal yet",1,0,0,0,1,0
He is a beast at chess,0,0,0,0,0,0
Just hella wicked,0,0,1,0,0,0
That is a fucking excellent work,0,0,1,0,0,0
really incredible job,0,0,0,0,0,0
fucking spectacular game,0,0,1,0,0,0
He is a wizard on gaming,0,0,0,0,0,0
That is a really beautiful idea,0,0,0,0,0,0
She is a total demon with the piano,0,0,0,0,0,0
That is a bloody sick art,0,0,1,0,0,0
You are a monster with solving problems,0,0,0,0,0,0
That is a fucking fantastic code,0,0,1,0,0,0
He is a monster on football,0,0,0,0,0,0
That is a absolutely amazing idea,0,0,0,0,0,0
That is a hella wicked song,0,0,1,0,0,0
He is a wizard with the piano,0,0,0,0,0,0
This is really magnificent,0,0,0,0,0,0
That is a absolutely fantastic design,0,0,0,0,0,0
You are hella perfect,0,0,1,0,0,0
Honestly hella great,0,0,1,0,0,0
"Keep rolling your eyes, maybe you'll find a brain back there",1,0,0,0,1,0
She is a total machine on designing,0,0,0,0,0,0
You killed that performance,0,0,0,0,0,0
You are bloody talented,0,0,1,0,0,0
This is fucking wicked,0,0,1,0,0,0
It was totally excellent,0,0,0,0,0,0
Truly absolutely excellent,0,0,0,0,0,0
He is a demon at the piano,0,0,0,0,0,0
idiot,1,0,0,0,1,0
hella funny idea,0,0,1,0,0,0
freaking incredible movie,0,0,0,0,0,0
It was freaking dope,0,0,0,0,0,0
That is a totally fantastic design,0,0,0,0,0,0
bloody beautiful job,0,0,1,0,0,0
She is a total monster at coding,0,0,0,0,0,0
This is really brilliant,0,0,0,0,0,0
That is a freaking fantastic job,0,0,0,0,0,0
Just hella perfect,0,0,1,0,0,0
This is bloody lovely,0,0,1,0,0,0
It was fucking genius,0,0,1,0,0,0
really awesome performance,0,0,0,0,0,0
Honestly freaking awesome,0,0,0,0,0,0
That is a really smart performance,0,0,0,0,0,0
That is a bloody brilliant performance,0,0,1,0,0,0
You are a beast with chess,0,0,0,0,0,0
You are a demon on football,0,0,0,0,0,0
That is a fucking fantastic work,0,0,1,0,0,0
You are totally wicked,0,0,0,0,0,0
c u n t,1,0,1,0,1,0
It was damn perfect,0,0,1,0,0,0
It was totally wicked,0,0,0,0,0,0
You are really cool,0,0,0,0,0,0
That is a hella lovely code,0,0,1,0,0,0
That is a fucking legendary game,0,0,1,0,0,0
You are the reason instructions are written on shampoo bottles,1,0,0,0,1,0
You are a waste of space and time,1,0,0,0,1,0
That is totally excellent,0,0,0,0,0,0
That is a freaking genius idea,0,0,0,0,0,0
n.i.g.g.e.r,1,0,1,0,1,0
You represent d i c k,1,0,1,0,1,0
He is a killer at cooking,0,0,0,0,0,0
damn wicked game,0,0,1,0,0,0
That is a damn fantastic job,0,0,1,0,0,0
That is damn perfect,0,0,1,0,0,0
fucking lovely idea,0,0,1,0,0,0
Truly damn incredible,0,0,1,0,0,0
That is a damn incredible song,0,0,1,0,0,0
That is a bloody awesome art,0,0,1,0,0,0
freaking great idea,0,0,0,0,0,0
This is freaking cool,0,0,0,0,0,0
That is a totally smart movie,0,0,0,0,0,0
absolutely excellent song,0,0,0,0,0,0
That is a fucking spectacular song,0,0,1,0,0,0
Truly absolutely nice,0,0,0,0,0,0
hella funny performance,0,0,1,0,0,0
really excellent idea,0,0,0,0,0,0
bloody genius code,0,0,1,0,0,0
You are fucking spectacular,0,0,1,0,0,0
That is a absolutely talented design,0,0,0,0,0,0
Honestly hella lovely,0,0,1,0,0,0
That is hella nice,0,0,1,0,0,0
Honestly damn incredible,0,0,1,0,0,0
This is freaking magnificent,0,0,0,0,0,0
God is so unfair to take away your intelligence,1,0,0,0,1,0
That is a totally superb movie,0,0,0,0,0,0
"I forgot the world revolves around you, my apologies",1,0,0,0,1,0
That is bloody great,0,0,1,0,0,0
That is a freaking sick art,0,0,0,0,0,0
That is a really smart game,0,0,0,0,0,0
Honestly really magnificent,0,0,0,0,0,0
It was damn great,0,0,1,0,0,0
Wisdom has been chasing you but you have always been faster,1,0,0,0,1,0
This is totally talented,0,0,0,0,0,0
You are a killer on gaming,0,0,0,0,0,0
kill yourself,1,0,0,1,0,0
Honestly freaking smart,0,0,0,0,0,0
He is a beast at everything,0,0,0,0,0,0
damn spectacular work,0,0,1,0,0,0
retard,1,0,1,0,1,0
That is a really fantastic song,0,0,0,0,0,0
Just bloody incredible,0,0,1,0,0,0
That is fucking amazing,0,0,1,0,0,0
Just hella wonderful,0,0,1,0,0,0
You are a demon at designing,0,0,0,0,0,0
a s s h o l e,1,0,1,0,1,0
You are a killer on solving problems,0,0,0,0,0,0
Just really wicked,0,0,0,0,0,0
That is a really incredible performance,0,0,0,0,0,0
That is fucking beautiful,0,0,1,0,0,0
hella good performance,0,0,1,0,0,0
You are a waste of space and time,1,0,0,0,1,0
really genius design,0,0,0,0,0,0
That is a totally best code,0,0,0,0,0,0
He is a killer on the guitar,0,0,0,0,0,0
He is a machine at chess,0,0,0,0,0,0
fucking genius idea,0,0,1,0,0,0
That is a bloody fantastic game,0,0,1,0,0,0
That is absolutely amazing,0,0,0,0,0,0
That is a absolutely superb code,0,0,0,0,0,0
hella incredible design,0,0,1,0,0,0
Somewhere a tree is working hard to replace the oxygen you waste,1,0,0,0,1,0
"Please try thinking, it's not illegal yet",1,0,0,0,1,0
Truly fucking best,0,0,1,0,0,0
c.u.n.t,1,0,1,0,1,0
Truly hella nice,0,0,1,0,0,0
Truly totally perfect,0,0,0,0,0,0
That is a fucking best game,0,0,1,0,0,0
Truly bloody great,0,0,1,0,0,0
f u c k,1,0,1,0,1,0
That is a really legendary art,0,0,0,0,0,0
absolutely legendary art,0,0,0,0,0,0
Just really lovely,0,0,0,0,0,0
really superb design,0,0,0,0,0,0
She is a total wizard on designing,0,0,0,0,0,0
That is a hella nice song,0,0,1,0,0,0
She is a total legend on football,0,0,0,0,0,0
freaking legendary job,0,0,0,0,0,0
I hate bugs,0,0,0,0,0,0
absolutely good performance,0,0,0,0,0,0
That is a hella great song,0,0,1,0,0,0
retard,1,0,1,0,1,0
That is absolutely smart,0,0,0,0,0,0
It was fucking magnificent,0,0,1,0,0,0
You are absolutely amazing,0,0,0,0,0,0
bloody lovely idea,0,0,1,0,0,0
This is hella cool,0,0,1,0,0,0
really sick job,0,0,0,0,0,0
That is a really genius idea,0,0,0,0,0,0
gtfo,1,0,1,0,0,0
You are bloody lovely,0,0,1,0,0,0
You are a monster with the guitar,0,0,0,0,0,0
really brilliant design,0,0,0,0,0,0
He is a wizard at everything,0,0,0,0,0,0
That is a hella superb code,0,0,1,0,0,0
This is absolutely talented,0,0,0,0,0,0
bloody good movie,0,0,1,0,0,0
That is absolutely good,0,0,0,0,0,0
totally perfect work,0,0,0,0,0,0
freaking incredible performance,0,0,0,0,0,0
freaking talented design,0,0,0,0,0,0
Truly fucking spectacular,0,0,1,0,0,0
You are a killer at the piano,0,0,0,0,0,0
Truly freaking perfect,0,0,0,0,0,0
freaking wonderful work,0,0,0,0,0,0
That is a freaking incredible idea,0,0,0,0,0,0
fucking beautiful design,0,0,1,0,0,0
That is a totally smart code,0,0,0,0,0,0
That is a freaking superb game,0,0,0,0,0,0
damn beautiful design,0,0,1,0,0,0
He is a machine on solving problems,0,0,0,0,0,0
That is a damn spectacular movie,0,0,1,0,0,0
You represent n1gger,1,0,1,0,1,0
That is a freaking incredible code,0,0,0,0,0,0
That is a hella talented job,0,0,1,0,0,0
bloody fantastic game,0,0,1,0,0,0
I absolutely hate traffic,0,0,0,0,0,0
Truly fucking perfect,0,0,1,0,0,0
Truly hella sick,0,0,1,0,0,0
That is a totally talented design,0,0,0,0,0,0
You represent b1+(h,1,0,1,0,1,0
Truly really lovely,0,0,0,0,0,0
Just really great,0,0,0,0,0,0
You represent fv(|<,1,0,1,0,1,0
That is a fucking wonderful game,0,0,1,0,0,0
totally wonderful art,0,0,0,0,0,0
Honestly really excellent,0,0,0,0,0,0
fv(|<,1,0,1,0,1,0
stfu,1,0,1,0,1,0
Honestly bloody fantastic,0,0,1,0,0,0
really wicked job,0,0,0,0,0,0
bloody funny movie,0,0,1,0,0,0
That is fucking best,0,0,1,0,0,0
That is a damn superb code,0,0,1,0,0,0
That is a freaking best code,0,0,0,0,0,0
He is a beast at python,0,0,0,0,0,0
It was hella amazing,0,0,1,0,0,0
Honestly absolutely incredible,0,0,0,0,0,0
Just absolutely spectacular,0,0,0,0,0,0
You are a machine at football,0,0,0,0,0,0
That is a absolutely wicked idea,0,0,0,0,0,0
Honestly totally lovely,0,0,0,0,0,0
That is a damn spectacular performance,0,0,1,0,0,0
damn great design,0,0,1,0,0,0
You are a machine at chess,0,0,0,0,0,0
You are a monster on python,0,0,0,0,0,0
He is a killer at designing,0,0,0,0,0,0
absolutely wonderful song,0,0,0,0,0,0
totally smart design,0,0,0,0,0,0
That is a fucking beautiful game,0,0,1,0,0,0
That is a really perfect song,0,0,0,0,0,0
Just really funny,0,0,0,0,0,0
It was absolutely incredible,0,0,0,0,0,0
Just really perfect,0,0,0,0,0,0
bloody fantastic movie,0,0,1,0,0,0
This is damn perfect,0,0,1,0,0,0
freaking best idea,0,0,0,0,0,0
bloody nice performance,0,0,1,0,0,0
That is a hella awesome code,0,0,1,0,0,0
That is a bloody talented performance,0,0,1,0,0,0
fucking spectacular movie,0,0,1,0,0,0
Wisdom has been chasing you but you have always been faster,1,0,0,0,1,0
That is a damn excellent idea,0,0,1,0,0,0
totally perfect song,0,0,0,0,0,0
That is a really nice idea,0,0,0,0,0,0
freaking sick game,0,0,0,0,0,0
That is hella fantastic,0,0,1,0,0,0
fucking beautiful game,0,0,1,0,0,0
You are a machine on everything,0,0,0,0,0,0
Honestly fucking dope,0,0,1,0,0,0
It was damn legendary,0,0,1,0,0,0
You represent a s s h o l e,1,0,1,0,1,0
This is hella spectacular,0,0,1,0,0,0
That is absolutely wicked,0,0,0,0,0,0
freaking spectacular work,0,0,0,0,0,0
You are a machine at everything,0,0,0,0,0,0
f.u.c.k,1,0,1,0,1,0
That is a damn incredible idea,0,0,1,0,0,0
It was bloody dope,0,0,1,0,0,0
Truly bloody genius,0,0,1,0,0,0
He is a demon at the guitar,0,0,0,0,0,0
Your birth certificate is an apology letter from the condom factory,1,0,0,0,1,0
You are a wizard with everything,0,0,0,0,0,0
You are a monster with cooking,0,0,0,0,0,0
She is a total monster on everything,0,0,0,0,0,0
That is a bloody beautiful idea,0,0,1,0,0,0
That is a freaking funny performance,0,0,0,0,0,0
He is a legend at football,0,0,0,0,0,0
That is a absolutely beautiful movie,0,0,0,0,0,0
That is a freaking brilliant performance,0,0,0,0,0,0
It was really legendary,0,0,0,0,0,0
damn fantastic performance,0,0,1,0,0,0
She is a total wizard on the piano,0,0,0,0,0,0
fucking amazing idea,0,0,1,0,0,0
This is freaking funny,0,0,0,0,0,0
That is a fucking beautiful code,0,0,1,0,0,0
Truly absolutely beautiful,0,0,0,0,0,0
He is a beast on solving problems,0,0,0,0,0,0
He is a wizard with python,0,0,0,0,0,0
Truly damn best,0,0,1,0,0,0
That is a really smart idea,0,0,0,0,0,0
That is a freaking nice design,0,0,0,0,0,0
Your birth certificate is an apology letter from the condom factory,1,0,0,0,1,0
That is a fucking sick performance,0,0,1,0,0,0
He is a wizard at python,0,0,0,0,0,0
It was really great,0,0,0,0,0,0
Just hella nice,0,0,1,0,0,0
That is a damn wonderful idea,0,0,1,0,0,0
damn funny work,0,0,1,0,0,0
Truly hella awesome,0,0,1,0,0,0
That is a bloody magnificent code,0,0,1,0,0,0
You are hella dope,0,0,1,0,0,0
That is a hella magnificent song,0,0,1,0,0,0
hella excellent design,0,0,1,0,0,0
You are a beast with football,0,0,0,0,0,0
You are a demon on everything,0,0,0,0,0,0
really fantastic art,0,0,0,0,0,0
You are proof that evolution can go in reverse,1,0,0,0,1,0
Just fucking excellent,0,0,1,0,0,0
That is a damn amazing code,0,0,1,0,0,0
bloody awesome song,0,0,1,0,0,0
He is a legend on gaming,0,0,0,0,0,0
You are a waste of space and time,1,0,0,0,1,0
That is a hella cool idea,0,0,1,0,0,0
damn wonderful song,0,0,1,0,0,0
absolutely great job,0,0,0,0,0,0
You are totally good,0,0,0,0,0,0
That is a really spectacular performance,0,0,0,0,0,0
That is damn cool,0,0,1,0,0,0
He is a machine on the guitar,0,0,0,0,0,0
That is a damn perfect design,0,0,1,0,0,0
really brilliant movie,0,0,0,0,0,0
That is hella magnificent,0,0,1,0,0,0
It was hella fantastic,0,0,1,0,0,0
She is a total killer at solving problems,0,0,0,0,0,0
You are impossible to underestimate,1,0,0,0,1,0
You represent $h1+,1,0,1,0,1,0
absolutely wicked code,0,0,0,0,0,0
That is a bloody awesome movie,0,0,1,0,0,0
Honestly hella amazing,0,0,1,0,0,0
Truly bloody beautiful,0,0,1,0,0,0
This is fucking dope,0,0,1,0,0,0
Truly totally legendary,0,0,0,0,0,0
You are a wizard with solving problems,0,0,0,0,0,0
That is a fucking best idea,0,0,1,0,0,0
That is a totally funny job,0,0,0,0,0,0
That is a fucking awesome movie,0,0,1,0,0,0
That is a totally awesome design,0,0,0,0,0,0
That is a totally lovely code,0,0,0,0,0,0
He is a wizard with coding,0,0,0,0,0,0
You are a machine on coding,0,0,0,0,0,0
Truly really awesome,0,0,0,0,0,0
That is a damn nice code,0,0,1,0,0,0
She is a total wizard with football,0,0,0,0,0,0
This is damn magnificent,0,0,1,0,0,0
f@gg0+,1,0,1,0,1,0
absolutely magnificent design,0,0,0,0,0,0
moron,1,0,0,0,1,0
fucking funny code,0,0,1,0,0,0
I envy people who have not met you,1,0,0,0,1,0
That is a absolutely wicked job,0,0,0,0,0,0
freaking legendary performance,0,0,0,0,0,0
You bring so much joy when you leave the room,1,0,0,0,1,0
Just damn amazing,0,0,1,0,0,0
really nice movie,0,0,0,0,0,0
I'd agree with you but then we'd both be wrong,1,0,0,0,1,0
Just totally legendary,0,0,0,0,0,0
totally beautiful work,0,0,0,0,0,0
It was bloody beautiful,0,0,1,0,0,0
That is a hella amazing movie,0,0,1,0,0,0
That is a bloody genius game,0,0,1,0,0,0
moron,1,0,0,0,1,0
This is freaking best,0,0,0,0,0,0
That is a hella wonderful job,0,0,1,0,0,0
She is a total wizard with coding,0,0,0,0,0,0
damn wicked art,0,0,1,0,0,0
You are freaking smart,0,0,0,0,0,0
retard,1,0,1,0,1,0
That is a really wicked job,0,0,0,0,0,0
freaking wonderful art,0,0,0,0,0,0
Truly bloody incredible,0,0,1,0,0,0
You are impossible to underestimate,1,0,0,0,1,0
damn good design,0,0,1,0,0,0
It was fucking nice,0,0,1,0,0,0
She is a total beast at football,0,0,0,0,0,0
You are damn magnificent,0,0,1,0,0,0
That is a really cool movie,0,0,0,0,0,0
She is a total killer on cooking,0,0,0,0,0,0
hella fantastic work,0,0,1,0,0,0
That is absolutely cool,0,0,0,0,0,0
This is absolutely funny,0,0,0,0,0,0
That is a hella magnificent code,0,0,1,0,0,0
You represent c u n t,1,0,1,0,1,0
It was fucking dope,0,0,1,0,0,0
damn legendary idea,0,0,1,0,0,0
really magnificent job,0,0,0,0,0,0
Just fucking sick,0,0,1,0,0,0
She is a total killer on football,0,0,0,0,0,0
You are a legend on designing,0,0,0,0,0,0
That is a bloody beautiful design,0,0,1,0,0,0
She is a total demon with cooking,0,0,0,0,0,0
freaking excellent work,0,0,0,0,0,0
I would explain it to you but I don't have any crayons,1,0,0,0,1,0
You are a demon at chess,0,0,0,0,0,0
absolutely fantastic idea,0,0,0,0,0,0
You represent f u c k,1,0,1,0,1,0
That is a bloody smart performance,0,0,1,0,0,0
Honestly hella perfect,0,0,1,0,0,0
You are hella genius,0,0,1,0,0,0
That is a freaking lovely design,0,0,0,0,0,0
You bring so much joy when you leave the room,1,0,0,0,1,0
You are a monster on everything,0,0,0,0,0,0
God is so unfair to take away your intelligence,1,0,0,0,1,0
Honestly bloody awesome,0,0,1,0,0,0
"Keep rolling your eyes, maybe you'll find a brain back there",1,0,0,0,1,0
You are a legend with coding,0,0,0,0,0,0
This is bloody wicked,0,0,1,0,0,0
hella lovely song,0,0,1,0,0,0
That is a damn wicked game,0,0,1,0,0,0
absolutely spectacular movie,0,0,0,0,0,0
That is a damn magnificent song,0,0,1,0,0,0
fucking perfect art,0,0,1,0,0,0
You are freaking sick,0,0,0,0,0,0
That is a really best game,0,0,0,0,0,0
It was bloody excellent,0,0,1,0,0,0
This is damn spectacular,0,0,1,0,0,0
Truly absolutely wonderful,0,0,0,0,0,0
Just really wonderful,0,0,0,0,0,0
fucking magnificent work,0,0,1,0,0,0
retard,1,0,1,0,1,0
Truly totally magnificent,0,0,0,0,0,0
You have the perfect face for radio,1,0,0,0,1,0
Just damn perfect,0,0,1,0,0,0
You are a monster on chess,0,0,0,0,0,0
That is a freaking magnificent idea,0,0,0,0,0,0
It was damn incredible,0,0,1,0,0,0
totally brilliant idea,0,0,0,0,0,0
"Please try thinking, it's not illegal yet",1,0,0,0,1,0
She is a total wizard with chess,0,0,0,0,0,0
"If laughter is the best medicine, your face must be curing the world",1,0,0,0,1,0
It was hella beautiful,0,0,1,0,0,0
Honestly totally wonderful,0,0,0,0,0,0
You are a monster at solving problems,0,0,0,0,0,0
Honestly really lovely,0,0,0,0,0,0
That is a damn spectacular work,0,0,1,0,0,0
She is a total machine with the guitar,0,0,0,0,0,0
damn spectacular job,0,0,1,0,0,0
You are totally perfect,0,0,0,0,0,0
You are totally legendary,0,0,0,0,0,0
really cool idea,0,0,0,0,0,0
That is a hella good idea,0,0,1,0,0,0
totally excellent job,0,0,0,0,0,0
That is a totally talented job,0,0,0,0,0,0
That is a hella wicked game,0,0,1,0,0,0
You are bloody fantastic,0,0,1,0,0,0
This is damn incredible,0,0,1,0,0,0
You are totally talented,0,0,0,0,0,0
You are a demon on cooking,0,0,0,0,0,0
really genius song,0,0,0,0,0,0
That is a really magnificent game,0,0,0,0,0,0
Truly freaking sick,0,0,0,0,0,0
totally nice performance,0,0,0,0,0,0
slut,1,0,1,0,1,0
That is a really cool idea,0,0,0,0,0,0
He is a legend with python,0,0,0,0,0,0
Your birth certificate is an apology letter from the condom factory,1,0,0,0,1,0
You have the perfect face for radio,1,0,0,0,1,0
d i c k,1,0,1,0,1,0
That is a damn wicked work,0,0,1,0,0,0
damn nice game,0,0,1,0,0,0
She is a total killer on the guitar,0,0,0,0,0,0
You are a legend at solving problems,0,0,0,0,0,0
Just freaking talented,0,0,0,0,0,0
I envy people who have not met you,1,0,0,0,1,0
hella incredible performance,0,0,1,0,0,0
I hate ads,0,0,0,0,0,0
That is bloody wonderful,0,0,1,0,0,0
Honestly really fantastic,0,0,0,0,0,0
slut,1,0,1,0,1,0
freaking amazing idea,0,0,0,0,0,0
Truly absolutely perfect,0,0,0,0,0,0
kill yourself,1,0,0,1,0,0
You are really incredible,0,0,0,0,0,0
You are a demon on python,0,0,0,0,0,0
bloody nice idea,0,0,1,0,0,0
c u n t,1,0,1,0,1,0
That is a freaking brilliant code,0,0,0,0,0,0
damn brilliant code,0,0,1,0,0,0
You represent f.u.c.k,1,0,1,0,1,0
freaking sick art,0,0,0,0,0,0
He is a beast with chess,0,0,0,0,0,0
He is a machine with python,0,0,0,0,0,0
It was hella spectacular,0,0,1,0,0,0
hella nice art,0,0,1,0,0,0
You are freaking great,0,0,0,0,0,0
This is damn talented,0,0,1,0,0,0
She is a total legend with solving problems,0,0,0,0,0,0
That is a hella excellent song,0,0,1,0,0,0
bloody amazing performance,0,0,1,0,0,0
That is bloody talented,0,0,1,0,0,0
It was bloody magnificent,0,0,1,0,0,0
That is a freaking excellent work,0,0,0,0,0,0
damn great performance,0,0,1,0,0,0
That is a bloody beautiful work,0,0,1,0,0,0
bloody genius movie,0,0,1,0,0,0
He is a monster at solving problems,0,0,0,0,0,0
Truly hella talented,0,0,1,0,0,0
You are a beast on the piano,0,0,0,0,0,0
That is fucking excellent,0,0,1,0,0,0
Just really spectacular,0,0,0,0,0,0
hella nice job,0,0,1,0,0,0
n.i.g.g.e.r,1,0,1,0,1,0
That is a bloody wonderful idea,0,0,1,0,0,0
absolutely good code,0,0,0,0,0,0
I would explain it to you but I don't have any crayons,1,0,0,0,1,0
bloody good job,0,0,1,0,0,0
That is a bloody wonderful job,0,0,1,0,0,0
fucking nice performance,0,0,1,0,0,0
You are hella cool,0,0,1,0,0,0
really funny work,0,0,0,0,0,0
b i t c h,1,0,1,0,1,0
Just really genius,0,0,0,0,0,0
That is a absolutely great job,0,0,0,0,0,0
He is a monster at gaming,0,0,0,0,0,0
"Keep rolling your eyes, maybe you'll find a brain back there",1,0,0,0,1,0
That is a fucking spectacular code,0,0,1,0,0,0
totally amazing art,0,0,0,0,0,0
That is a really perfect art,0,0,0,0,0,0
That is a absolutely perfect song,0,0,0,0,0,0
You have the perfect face for radio,1,0,0,0,1,0
freaking incredible code,0,0,0,0,0,0
hella amazing song,0,0,1,0,0,0
That is a damn beautiful movie,0,0,1,0,0,0
This is bloody genius,0,0,1,0,0,0
You are a machine with coding,0,0,0,0,0,0
Just absolutely excellent,0,0,0,0,0,0
That is a really fantastic job,0,0,0,0,0,0
hella legendary art,0,0,1,0,0,0
That is a bloody perfect song,0,0,1,0,0,0
He is a demon with everything,0,0,0,0,0,0
fucking talented song,0,0,1,0,0,0
That is a freaking lovely song,0,0,0,0,0,0
bloody perfect song,0,0,1,0,0,0
That is a really legendary idea,0,0,0,0,0,0
He is a demon with football,0,0,0,0,0,0
This is really excellent,0,0,0,0,0,0
Just hella genius,0,0,1,0,0,0
That is a absolutely funny work,0,0,0,0,0,0
totally brilliant performance,0,0,0,0,0,0
idiot,1,0,0,0,1,0
Truly freaking wonderful,0,0,0,0,0,0
That is a really perfect movie,0,0,0,0,0,0
This is damn awesome,0,0,1,0,0,0
That is a totally beautiful work,0,0,0,0,0,0
She is a total killer with python,0,0,0,0,0,0
d.i.c.k,1,0,1,0,1,0
That is a absolutely beautiful art,0,0,0,0,0,0
That is a fucking cool design,0,0,1,0,0,0
hella amazing art,0,0,1,0,0,0
bloody genius game,0,0,1,0,0,0
retard,1,0,1,0,1,0
Truly really legendary,0,0,0,0,0,0
That is a really great design,0,0,0,0,0,0
bloody spectacular art,0,0,1,0,0,0
This is fucking awesome,0,0,1,0,0,0
really smart game,0,0,0,0,0,0
freaking sick design,0,0,0,0,0,0
That is hella perfect,0,0,1,0,0,0
That is a absolutely funny song,0,0,0,0,0,0
This is hella sick,0,0,1,0,0,0
You are a monster at coding,0,0,0,0,0,0
damn awesome code,0,0,1,0,0,0
That is a bloody superb job,0,0,1,0,0,0
fucking fantastic code,0,0,1,0,0,0
He is a monster with the guitar,0,0,0,0,0,0
That is hella wonderful,0,0,1,0,0,0
This is fucking genius,0,0,1,0,0,0
That is damn brilliant,0,0,1,0,0,0
Just fucking spectacular,0,0,1,0,0,0
You are hella great,0,0,1,0,0,0
freaking good job,0,0,0,0,0,0
fucking superb idea,0,0,1,0,0,0
I absolutely hate my job,0,0,0,0,0,0
damn nice song,0,0,1,0,0,0
You are proof that evolution can go in reverse,1,0,0,0,1,0
That is a hella fantastic work,0,0,1,0,0,0
She is a total beast with solving problems,0,0,0,0,0,0
damn superb song,0,0,1,0,0,0
d i c k,1,0,1,0,1,0
I absolutely hate spiders,0,0,0,0,0,0
That is a totally excellent job,0,0,0,0,0,0
hella great idea,0,0,1,0,0,0
That is totally incredible,0,0,0,0,0,0
damn funny game,0,0,1,0,0,0
You bring so much joy when you leave the room,1,0,0,0,1,0
totally great song,0,0,0,0,0,0
absolutely legendary work,0,0,0,0,0,0
Honestly absolutely funny,0,0,0,0,0,0
retard,1,0,1,0,1,0
That is damn beautiful,0,0,1,0,0,0
That is a absolutely talented job,0,0,0,0,0,0
That is a hella smart performance,0,0,1,0,0,0
You are hella amazing,0,0,1,0,0,0
absolutely magnificent art,0,0,0,0,0,0
really incredible art,0,0,0,0,0,0
That is a damn excellent movie,0,0,1,0,0,0
That is a freaking wicked art,0,0,0,0,0,0
hella excellent song,0,0,1,0,0,0
He is a wizard on everything,0,0,0,0,0,0
This is damn cool,0,0,1,0,0,0
That is a damn good idea,0,0,1,0,0,0
damn good job,0,0,1,0,0,0
hella wicked movie,0,0,1,0,0,0
You are a legend at cooking,0,0,0,0,0,0
Honestly hella brilliant,0,0,1,0,0,0
totally cool game,0,0,0,0,0,0
He is a killer on the piano,0,0,0,0,0,0
a.s.s.h.o.l.e,1,0,1,0,1,0
freaking wonderful song,0,0,0,0,0,0
really magnificent song,0,0,0,0,0,0
That is damn superb,0,0,1,0,0,0
She is a total beast at designing,0,0,0,0,0,0
She is a total machine with the piano,0,0,0,0,0,0
Honestly fucking sick,0,0,1,0,0,0
hella superb game,0,0,1,0,0,0
That is a fucking great game,0,0,1,0,0,0
That is a totally awesome game,0,0,0,0,0,0
He is a killer with solving problems,0,0,0,0,0,0
That is a hella brilliant game,0,0,1,0,0,0
You are totally spectacular,0,0,0,0,0,0
Honestly freaking funny,0,0,0,0,0,0
This is absolutely excellent,0,0,0,0,0,0
This is bloody incredible,0,0,1,0,0,0
That is a hella dope idea,0,0,1,0,0,0
That is a totally incredible movie,0,0,0,0,0,0
That is absolutely nice,0,0,0,0,0,0
"I forgot the world revolves around you, my apologies",1,0,0,0,1,0
She is a total wizard with designing,0,0,0,0,0,0
hella amazing code,0,0,1,0,0,0
Just hella dope,0,0,1,0,0,0
This is really talented,0,0,0,0,0,0
Just damn funny,0,0,1,0,0,0
That is a freaking amazing idea,0,0,0,0,0,0
You represent b i t c h,1,0,1,0,1,0
That is a freaking lovely work,0,0,0,0,0,0
You are bloody dope,0,0,1,0,0,0
hella genius song,0,0,1,0,0,0
damn amazing idea,0,0,1,0,0,0
That is freaking wicked,0,0,0,0,0,0
This is fucking sick,0,0,1,0,0,0
It was hella wonderful,0,0,1,0,0,0
Truly fucking superb,0,0,1,0,0,0
She is a total monster at football,0,0,0,0,0,0
He is a machine at football,0,0,0,0,0,0
fucking wicked song,0,0,1,0,0,0
This is really cool,0,0,0,0,0,0
That is a fucking fantastic performance,0,0,1,0,0,0
That is a damn wicked code,0,0,1,0,0,0
Truly bloody perfect,0,0,1,0,0,0
You are hella superb,0,0,1,0,0,0
That is totally lovely,0,0,0,0,0,0
Honestly absolutely sick,0,0,0,0,0,0
That is a damn legendary game,0,0,1,0,0,0
Truly fucking fantastic,0,0,1,0,0,0
Honestly hella fantastic,0,0,1,0,0,0
You are not pretty enough to be this stupid,1,0,0,0,1,0
totally genius game,0,0,0,0,0,0
That is absolutely excellent,0,0,0,0,0,0
That is a absolutely brilliant work,0,0,0,0,0,0
That is a hella good design,0,0,1,0,0,0
That is a hella perfect work,0,0,1,0,0,0
You are a demon with chess,0,0,0,0,0,0
He is a killer on gaming,0,0,0,0,0,0
totally great game,0,0,0,0,0,0
That is a hella amazing idea,0,0,1,0,0,0
fucking legendary design,0,0,1,0,0,0
fucking dope design,0,0,1,0,0,0
I absolutely hate the weather,0,0,0,0,0,0
This is totally great,0,0,0,0,0,0
It was fucking great,0,0,1,0,0,0
That is a absolutely best job,0,0,0,0,0,0
That is a really spectacular art,0,0,0,0,0,0
Just freaking perfect,0,0,0,0,0,0
That is a absolutely dope performance,0,0,0,0,0,0
Just hella sick,0,0,1,0,0,0
He is a beast at the piano,0,0,0,0,0,0
idiot,1,0,0,0,1,0
freaking talented work,0,0,0,0,0,0
That is a totally wicked song,0,0,0,0,0,0
That is a really awesome work,0,0,0,0,0,0
Just totally funny,0,0,0,0,0,0
totally talented performance,0,0,0,0,0,0
Truly really good,0,0,0,0,0,0
hella nice movie,0,0,1,0,0,0
That is a really spectacular idea,0,0,0,0,0,0
damn beautiful code,0,0,1,0,0,0
That is hella dope,0,0,1,0,0,0
Just damn fantastic,0,0,1,0,0,0
It was damn brilliant,0,0,1,0,0,0
She is a total wizard at cooking,0,0,0,0,0,0
You are a legend on solving problems,0,0,0,0,0,0
fucking magnificent design,0,0,1,0,0,0
That is absolutely superb,0,0,0,0,0,0
You are proof that evolution can go in reverse,1,0,0,0,1,0
Honestly absolutely good,0,0,0,0,0,0
This is hella good,0,0,1,0,0,0
Truly really sick,0,0,0,0,0,0
That is a bloody brilliant design,0,0,1,0,0,0
That is a freaking nice job,0,0,0,0,0,0
That is totally wonderful,0,0,0,0,0,0
You are damn talented,0,0,1,0,0,0
hella great performance,0,0,1,0,0,0
hella spectacular performance,0,0,1,0,0,0
You are a monster on the guitar,0,0,0,0,0,0
bloody cool game,0,0,1,0,0,0
damn fantastic art,0,0,1,0,0,0
hella spectacular game,0,0,1,0,0,0
You are a machine at python,0,0,0,0,0,0
freaking best performance,0,0,0,0,0,0
stfu,1,0,1,0,1,0
That is hella brilliant,0,0,1,0,0,0
That is a really talented idea,0,0,0,0,0,0
This is damn funny,0,0,1,0,0,0
You represent s h i t,1,0,1,0,1,0
totally cool movie,0,0,0,0,0,0
That is a fucking legendary idea,0,0,1,0,0,0
It was fucking incredible,0,0,1,0,0,0
She is a total demon with coding,0,0,0,0,0,0
That is hella superb,0,0,1,0,0,0
Just damn dope,0,0,1,0,0,0
That is a freaking incredible art,0,0,0,0,0,0
That is a freaking great performance,0,0,0,0,0,0
That is a really wicked work,0,0,0,0,0,0
That is a freaking genius art,0,0,0,0,0,0
That is freaking sick,0,0,0,0,0,0
That is a really good idea,0,0,0,0,0,0
whore,1,0,1,0,1,0
You are fucking wicked,0,0,1,0,0,0
hella incredible game,0,0,1,0,0,0
She is a total legend at designing,0,0,0,0,0,0
d.i.c.k,1,0,1,0,1,0
That is a absolutely awesome code,0,0,0,0,0,0
That is a freaking fantastic game,0,0,0,0,0,0
That is a hella funny performance,0,0,1,0,0,0
"Please try thinking, it's not illegal yet",1,0,0,0,1,0
really dope job,0,0,0,0,0,0
Truly bloody lovely,0,0,1,0,0,0
damn awesome movie,0,0,1,0,0,0
That is a totally perfect song,0,0,0,0,0,0
bloody wonderful job,0,0,1,0,0,0
That is a really spectacular code,0,0,0,0,0,0
He is a legend on the guitar,0,0,0,0,0,0
You are a wizard with cooking,0,0,0,0,0,0
damn spectacular song,0,0,1,0,0,0
That is a hella spectacular design,0,0,1,0,0,0
It was really superb,0,0,0,0,0,0
You are a machine on gaming,0,0,0,0,0,0
That is a hella funny movie,0,0,1,0,0,0
totally brilliant work,0,0,0,0,0,0
stfu,1,0,1,0,1,0
That is a absolutely fantastic idea,0,0,0,0,0,0
really magnificent game,0,0,0,0,0,0
That is a fucking dope work,0,0,1,0,0,0
Somewhere a tree is working hard to replace the oxygen you waste,1,0,0,0,1,0
absolutely awesome work,0,0,0,0,0,0
That is damn legendary,0,0,1,0,0,0
That is a damn great performance,0,0,1,0,0,0
It was fucking good,0,0,1,0,0,0
You are a killer with chess,0,0,0,0,0,0
really wonderful art,0,0,0,0,0,0
hella sick game,0,0,1,0,0,0
loser,1,0,0,0,1,0
He is a beast with cooking,0,0,0,0,0,0
It was freaking wicked,0,0,0,0,0,0
That is a bloody spectacular movie,0,0,1,0,0,0
really superb song,0,0,0,0,0,0
hella cool job,0,0,1,0,0,0
That is a fucking superb work,0,0,1,0,0,0
Truly absolutely great,0,0,0,0,0,0
That is a totally magnificent performance,0,0,0,0,0,0
That is a bloody genius movie,0,0,1,0,0,0
That is a really good performance,0,0,0,0,0,0
You are a demon at solving problems,0,0,0,0,0,0
That is a fucking magnificent work,0,0,1,0,0,0
totally magnificent design,0,0,0,0,0,0
I really hate bugs,0,0,0,0,0,0
That is a totally brilliant game,0,0,0,0,0,0
You are totally lovely,0,0,0,0,0,0
That is a absolutely funny idea,0,0,0,0,0,0
That is a totally best art,0,0,0,0,0,0
You are a beast at cooking,0,0,0,0,0,0
That is a really good code,0,0,0,0,0,0
She is a total wizard on everything,0,0,0,0,0,0
Honestly freaking magnificent,0,0,0,0,0,0
That is a totally beautiful design,0,0,0,0,0,0
It was totally best,0,0,0,0,0,0
That is a totally fantastic performance,0,0,0,0,0,0
Wisdom has been chasing you but you have always been faster,1,0,0,0,1,0
"I forgot the world revolves around you, my apologies",1,0,0,0,1,0
Honestly hella dope,0,0,1,0,0,0
That is a freaking nice code,0,0,0,0,0,0
Honestly damn nice,0,0,1,0,0,0
Honestly fucking brilliant,0,0,1,0,0,0
It was damn lovely,0,0,1,0,0,0
That is a absolutely fantastic performance,0,0,0,0,0,0
absolutely nice performance,0,0,0,0,0,0
Honestly fucking wonderful,0,0,1,0,0,0
That is a freaking excellent game,0,0,0,0,0,0
You are absolutely perfect,0,0,0,0,0,0
That is absolutely great,0,0,0,0,0,0
I absolutely hate ads,0,0,0,0,0,0
Truly freaking nice,0,0,0,0,0,0
That is a fucking beautiful performance,0,0,1,0,0,0
That is a hella funny job,0,0,1,0,0,0
That is freaking legendary,0,0,0,0,0,0
It was really awesome,0,0,0,0,0,0
You are a wizard on designing,0,0,0,0,0,0
That is a damn wicked job,0,0,1,0,0,0
That is a really lovely song,0,0,0,0,0,0
That is a really best job,0,0,0,0,0,0
That is a fucking funny game,0,0,1,0,0,0
He is a monster on the piano,0,0,0,0,0,0
Truly freaking smart,0,0,0,0,0,0
Just absolutely lovely,0,0,0,0,0,0
Your secrets are always safe with me because I never listen to you,1,0,0,0,1,0
You are damn excellent,0,0,1,0,0,0
You are a killer with the guitar,0,0,0,0,0,0
You have a very large brain for someone who doesn't use it,1,0,0,0,1,0
You are totally amazing,0,0,0,0,0,0
You are a beast on everything,0,0,0,0,0,0
really excellent game,0,0,0,0,0,0
Your birth certificate is an apology letter from the condom factory,1,0,0,0,1,0
That is hella genius,0,0,1,0,0,0
slut,1,0,1,0,1,0
She is a total beast on designing,0,0,0,0,0,0
He is a beast with python,0,0,0,0,0,0
You are the reason instructions are written on shampoo bottles,1,0,0,0,1,0
totally talented song,0,0,0,0,0,0
That is a bloody legendary job,0,0,1,0,0,0
He is a legend at python,0,0,0,0,0,0
You have the perfect face for radio,1,0,0,0,1,0
You are impossible to underestimate,1,0,0,0,1,0
It was fucking cool,0,0,1,0,0,0
She is a total killer on the piano,0,0,0,0,0,0
"If laughter is the best medicine, your face must be curing the world",1,0,0,0,1,0
I would explain it to you but I don't have any crayons,1,0,0,0,1,0
That is freaking magnificent,0,0,0,0,0,0
Honestly damn superb,0,0,1,0,0,0
really cool movie,0,0,0,0,0,0
It was damn spectacular,0,0,1,0,0,0
Truly hella smart,0,0,1,0,0,0
She is a total monster at cooking,0,0,0,0,0,0
That is totally talented,0,0,0,0,0,0
loser,1,0,0,0,1,0
Just absolutely wonderful,0,0,0,0,0,0
This is totally beautiful,0,0,0,0,0,0
hella smart song,0,0,1,0,0,0
That is a freaking perfect song,0,0,0,0,0,0
That is hella legendary,0,0,1,0,0,0
fucking great song,0,0,1,0,0,0
really great job,0,0,0,0,0,0
freaking superb work,0,0,0,0,0,0
Just hella superb,0,0,1,0,0,0
This is bloody dope,0,0,1,0,0,0
retard,1,0,1,0,1,0
bloody talented art,0,0,1,0,0,0
You are a killer at everything,0,0,0,0,0,0
fucking brilliant code,0,0,1,0,0,0
totally fantastic performance,0,0,0,0,0,0
He is a machine with designing,0,0,0,0,0,0
f a g g o t,1,0,1,0,1,0
That is a really awesome game,0,0,0,0,0,0
hella awesome song,0,0,1,0,0,0
That is a totally spectacular performance,0,0,0,0,0,0
You are hella talented,0,0,1,0,0,0
That is a absolutely genius design,0,0,0,0,0,0
That is a totally genius song,0,0,0,0,0,0
You are damn best,0,0,1,0,0,0
She is a total machine with coding,0,0,0,0,0,0
Just bloody beautiful,0,0,1,0,0,0
She is a total demon on coding,0,0,0,0,0,0
Just freaking great,0,0,0,0,0,0
fucking excellent performance,0,0,1,0,0,0
really perfect movie,0,0,0,0,0,0
absolutely talented design,0,0,0,0,0,0
really excellent song,0,0,0,0,0,0
Honestly damn talented,0,0,1,0,0,0
absolutely amazing design,0,0,0,0,0,0
That is a bloody magnificent job,0,0,1,0,0,0
That is a bloody funny art,0,0,1,0,0,0
That is a absolutely smart code,0,0,0,0,0,0
It was bloody genius,0,0,1,0,0,0
That is a bloody dope job,0,0,1,0,0,0
It was hella legendary,0,0,1,0,0,0
She is a total demon at the guitar,0,0,0,0,0,0
That is a totally incredible job,0,0,0,0,0,0
You are bloody magnificent,0,0,1,0,0,0
She is a total killer at football,0,0,0,0,0,0
This is freaking talented,0,0,0,0,0,0
idiot,1,0,0,0,1,0
That is a really great performance,0,0,0,0,0,0
That is a absolutely legendary art,0,0,0,0,0,0
You represent c.u.n.t,1,0,1,0,1,0
You are a monster with the piano,0,0,0,0,0,0
That is a damn amazing song,0,0,1,0,0,0
f.a.g.g.o.t,1,0,1,0,1,0
bloody beautiful movie,0,0,1,0,0,0
That is absolutely spectacular,0,0,0,0,0,0
damn spectacular art,0,0,1,0,0,0
That is a freaking best work,0,0,0,0,0,0
That is totally spectacular,0,0,0,0,0,0
It was totally superb,0,0,0,0,0,0
She is a total machine on cooking,0,0,0,0,0,0
That is damn spectacular,0,0,1,0,0,0
It was damn wonderful,0,0,1,0,0,0
That is a bloody dope code,0,0,1,0,0,0
Honestly damn excellent,0,0,1,0,0,0
That is a freaking talented idea,0,0,0,0,0,0
"If laughter is the best medicine, your face must be curing the world",1,0,0,0,1,0
God is so unfair to take away your intelligence,1,0,0,0,1,0
freaking perfect work,0,0,0,0,0,0
d i c k,1,0,1,0,1,0
He is a monster on the guitar,0,0,0,0,0,0
That is a hella wicked job,0,0,1,0,0,0
fucking brilliant movie,0,0,1,0,0,0
She is a total machine with designing,0,0,0,0,0,0
absolutely perfect code,0,0,0,0,0,0
That is bloody amazing,0,0,1,0,0,0
It was bloody wonderful,0,0,1,0,0,0
damn best design,0,0,1,0,0,0
She is a total killer on designing,0,0,0,0,0,0
You are freaking dope,0,0,0,0,0,0
That is a freaking sick code,0,0,0,0,0,0
hella wonderful art,0,0,1,0,0,0
totally perfect job,0,0,0,0,0,0
I envy people who have not met you,1,0,0,0,1,0
You represent d.i.c.k,1,0,1,0,1,0
It was totally awesome,0,0,0,0,0,0
Your birth certificate is an apology letter from the condom factory,1,0,0,0,1,0
kill yourself,1,0,0,1,0,0
You are a demon on chess,0,0,0,0,0,0
Truly absolutely amazing,0,0,0,0,0,0
freaking great code,0,0,0,0,0,0
He is a killer at gaming,0,0,0,0,0,0
That is a freaking incredible movie,0,0,0,0,0,0
It was bloody cool,0,0,1,0,0,0
It was freaking lovely,0,0,0,0,0,0
You are a killer at football,0,0,0,0,0,0
really good work,0,0,0,0,0,0
Honestly freaking spectacular,0,0,0,0,0,0
"Please try thinking, it's not illegal yet",1,0,0,0,1,0
That is a fucking awesome design,0,0,1,0,0,0
He is a monster on designing,0,0,0,0,0,0
You are hella nice,0,0,1,0,0,0
She is a total machine at chess,0,0,0,0,0,0
hella nice design,0,0,1,0,0,0
Truly hella brilliant,0,0,1,0,0,0
That is a totally dope idea,0,0,0,0,0,0
That is a freaking amazing work,0,0,0,0,0,0
Truly fucking cool,0,0,1,0,0,0
She is a total wizard with the piano,0,0,0,0,0,0
That is a absolutely beautiful code,0,0,0,0,0,0
freaking wicked idea,0,0,0,0,0,0
Honestly freaking nice,0,0,0,0,0,0
That is a absolutely sick code,0,0,0,0,0,0
That is a freaking dope art,0,0,0,0,0,0
She is a total killer at the guitar,0,0,0,0,0,0
You are bloody funny,0,0,1,0,0,0
She is a total demon with the guitar,0,0,0,0,0,0
You are a killer on python,0,0,0,0,0,0
That is a fucking sick job,0,0,1,0,0,0
That is a totally beautiful performance,0,0,0,0,0,0
really perfect job,0,0,0,0,0,0
freaking fantastic code,0,0,0,0,0,0
really great performance,0,0,0,0,0,0
Honestly damn cool,0,0,1,0,0,0
damn brilliant job,0,0,1,0,0,0
Just fucking lovely,0,0,1,0,0,0
damn cool idea,0,0,1,0,0,0
Just fucking smart,0,0,1,0,0,0
He is a monster with gaming,0,0,0,0,0,0
That is a damn best song,0,0,1,0,0,0
Your birth certificate is an apology letter from the condom factory,1,0,0,0,1,0
Truly hella best,0,0,1,0,0,0
slut,1,0,1,0,1,0
You are proof that evolution can go in reverse,1,0,0,0,1,0
I would explain it to you but I don't have any crayons,1,0,0,0,1,0
You are a legend on football,0,0,0,0,0,0
That is a fucking wicked work,0,0,1,0,0,0
totally excellent idea,0,0,0,0,0,0
bloody magnificent job,0,0,1,0,0,0
That is a absolutely lovely idea,0,0,0,0,0,0
It was bloody brilliant,0,0,1,0,0,0
That is a hella superb art,0,0,1,0,0,0
That is a hella cool art,0,0,1,0,0,0
Truly totally incredible,0,0,0,0,0,0
That is a hella spectacular performance,0,0,1,0,0,0
She is a total beast at cooking,0,0,0,0,0,0
Just fucking brilliant,0,0,1,0,0,0
You are totally awesome,0,0,0,0,0,0
This is fucking talented,0,0,1,0,0,0
I'd agree with you but then we'd both be wrong,1,0,0,0,1,0
Truly totally sick,0,0,0,0,0,0
damn superb game,0,0,1,0,0,0
This is bloody funny,0,0,1,0,0,0
really spectacular art,0,0,0,0,0,0
That is a hella smart song,0,0,1,0,0,0
You are freaking spectacular,0,0,0,0,0,0
That is a totally spectacular game,0,0,0,0,0,0
really dope movie,0,0,0,0,0,0
kill yourself,1,0,0,1,0,0
That is bloody incredible,0,0,1,0,0,0
really best job,0,0,0,0,0,0
really wicked movie,0,0,0,0,0,0
totally awesome design,0,0,0,0,0,0
hella magnificent movie,0,0,1,0,0,0
He is a killer with chess,0,0,0,0,0,0
It was fucking talented,0,0,1,0,0,0
It was freaking nice,0,0,0,0,0,0
freaking superb song,0,0,0,0,0,0
Honestly absolutely excellent,0,0,0,0,0,0
bloody excellent game,0,0,1,0,0,0
You are a wizard at chess,0,0,0,0,0,0
That is a totally funny art,0,0,0,0,0,0
That is a freaking funny code,0,0,0,0,0,0
She is a total killer at gaming,0,0,0,0,0,0
That is a damn dope work,0,0,1,0,0,0
You have the perfect face for radio,1,0,0,0,1,0
That is a freaking fantastic art,0,0,0,0,0,0
You have the perfect face for radio,1,0,0,0,1,0
Honestly damn legendary,0,0,1,0,0,0
Honestly bloody magnificent,0,0,1,0,0,0
s h i t,1,0,1,0,1,0
That is a fucking amazing design,0,0,1,0,0,0
That is a freaking cool art,0,0,0,0,0,0
That is a freaking dope movie,0,0,0,0,0,0
You are damn fantastic,0,0,1,0,0,0
She is a total monster with the piano,0,0,0,0,0,0
He is a beast with designing,0,0,0,0,0,0
That is a absolutely dope idea,0,0,0,0,0,0
That is totally best,0,0,0,0,0,0
It was damn beautiful,0,0,1,0,0,0
Honestly totally cool,0,0,0,0,0,0
That is freaking funny,0,0,0,0,0,0
He is a monster on gaming,0,0,0,0,0,0
This is totally good,0,0,0,0,0,0
That is a bloody magnificent performance,0,0,1,0,0,0
hella superb performance,0,0,1,0,0,0
Honestly bloody beautiful,0,0,1,0,0,0
That is freaking excellent,0,0,0,0,0,0
You are freaking wicked,0,0,0,0,0,0
That is a really beautiful code,0,0,0,0,0,0
It was freaking brilliant,0,0,0,0,0,0
Truly really beautiful,0,0,0,0,0,0
That is a totally genius idea,0,0,0,0,0,0
That is a fucking funny code,0,0,1,0,0,0
She is a total monster with designing,0,0,0,0,0,0
That is a bloody lovely idea,0,0,1,0,0,0
She is a total demon at solving problems,0,0,0,0,0,0
He is a legend on football,0,0,0,0,0,0
You are a wizard on the piano,0,0,0,0,0,0
That is a totally lovely performance,0,0,0,0,0,0
I would explain it to you but I don't have any crayons,1,0,0,0,1,0
It was bloody talented,0,0,1,0,0,0
That is a hella nice art,0,0,1,0,0,0
Honestly bloody cool,0,0,1,0,0,0
fucking fantastic performance,0,0,1,0,0,0
That is a freaking wonderful art,0,0,0,0,0,0
She is a total demon on designing,0,0,0,0,0,0
freaking great performance,0,0,0,0,0,0
absolutely incredible performance,0,0,0,0,0,0
She is a total demon at everything,0,0,0,0,0,0
It was bloody nice,0,0,1,0,0,0
fucking incredible idea,0,0,1,0,0,0
Honestly freaking good,0,0,0,0,0,0
You are a machine with the piano,0,0,0,0,0,0
absolutely beautiful code,0,0,0,0,0,0
You are bloody brilliant,0,0,1,0,0,0
You are a wizard on gaming,0,0,0,0,0,0
That is freaking good,0,0,0,0,0,0
Honestly fucking talented,0,0,1,0,0,0
Truly freaking dope,0,0,0,0,0,0
Truly hella beautiful,0,0,1,0,0,0
He is a beast at the guitar,0,0,0,0,0,0
freaking brilliant job,0,0,0,0,0,0
You are a legend at python,0,0,0,0,0,0
It was hella talented,0,0,1,0,0,0
hella cool performance,0,0,1,0,0,0
You are a machine at solving problems,0,0,0,0,0,0
bloody cool art,0,0,1,0,0,0
That is a fucking spectacular job,0,0,1,0,0,0
He is a machine with solving problems,0,0,0,0,0,0
You are a beast at gaming,0,0,0,0,0,0
That is a bloody dope idea,0,0,1,0,0,0
hella great song,0,0,1,0,0,0
This is absolutely magnificent,0,0,0,0,0,0
fucking best idea,0,0,1,0,0,0
That is a damn excellent game,0,0,1,0,0,0
That is a bloody perfect job,0,0,1,0,0,0
bloody sick code,0,0,1,0,0,0
I would explain it to you but I don't have any crayons,1,0,0,0,1,0
bloody magnificent performance,0,0,1,0,0,0
She is a total monster at designing,0,0,0,0,0,0
Just absolutely smart,0,0,0,0,0,0
hella cool idea,0,0,1,0,0,0
He is a demon with designing,0,0,0,0,0,0
That is a bloody spectacular code,0,0,1,0,0,0
really legendary art,0,0,0,0,0,0
That is fucking genius,0,0,1,0,0,0
You are proof that evolution can go in reverse,1,0,0,0,1,0
That is a freaking brilliant idea,0,0,0,0,0,0
You represent d1(|<,1,0,1,0,1,0
bloody incredible idea,0,0,1,0,0,0
You have a very large brain for someone who doesn't use it,1,0,0,0,1,0
She is a total beast on python,0,0,0,0,0,0
absolutely talented idea,0,0,0,0,0,0
She is a total killer with designing,0,0,0,0,0,0
That is a damn perfect idea,0,0,1,0,0,0
She is a total beast at solving problems,0,0,0,0,0,0
It was really brilliant,0,0,0,0,0,0
You are freaking incredible,0,0,0,0,0,0
You are a monster at gaming,0,0,0,0,0,0
That is a really incredible game,0,0,0,0,0,0
You are freaking talented,0,0,0,0,0,0
freaking sick code,0,0,0,0,0,0
That is a hella nice job,0,0,1,0,0,0
That is a hella brilliant work,0,0,1,0,0,0
You are really genius,0,0,0,0,0,0
You represent d.i.c.k,1,0,1,0,1,0
Honestly really superb,0,0,0,0,0,0
That is a freaking awesome performance,0,0,0,0,0,0
You are really best,0,0,0,0,0,0
Just damn magnificent,0,0,1,0,0,0
He is a monster on python,0,0,0,0,0,0
She is a total wizard on football,0,0,0,0,0,0
freaking legendary code,0,0,0,0,0,0
That is totally sick,0,0,0,0,0,0
totally lovely design,0,0,0,0,0,0
You are a legend on cooking,0,0,0,0,0,0
You are bloody amazing,0,0,1,0,0,0
That is a really good song,0,0,0,0,0,0
You are freaking cool,0,0,0,0,0,0
That is a really beautiful work,0,0,0,0,0,0
Honestly absolutely brilliant,0,0,0,0,0,0
This is fucking best,0,0,1,0,0,0
That is a damn perfect code,0,0,1,0,0,0
Honestly hella magnificent,0,0,1,0,0,0
fucking genius code,0,0,1,0,0,0
That is a damn awesome art,0,0,1,0,0,0
freaking nice work,0,0,0,0,0,0
It was freaking spectacular,0,0,0,0,0,0
That is a really talented work,0,0,0,0,0,0
You are a wizard with the guitar,0,0,0,0,0,0
Just totally dope,0,0,0,0,0,0
Honestly really sick,0,0,0,0,0,0
"Please try thinking, it's not illegal yet",1,0,0,0,1,0
You are a killer at python,0,0,0,0,0,0
damn wicked song,0,0,1,0,0,0
n1gger,1,0,1,0,1,0
That is a really best idea,0,0,0,0,0,0
a s s h o l e,1,0,1,0,1,0
damn fantastic song,0,0,1,0,0,0
absolutely funny work,0,0,0,0,0,0
He is a demon with cooking,0,0,0,0,0,0
That is a fucking sick design,0,0,1,0,0,0
He is a wizard at solving problems,0,0,0,0,0,0
Just freaking beautiful,0,0,0,0,0,0
He is a wizard on python,0,0,0,0,0,0
You are a machine with solving problems,0,0,0,0,0,0
hella magnificent code,0,0,1,0,0,0
That is a fucking sick work,0,0,1,0,0,0
It was absolutely wicked,0,0,0,0,0,0
You are hella spectacular,0,0,1,0,0,0
She is a total legend at the piano,0,0,0,0,0,0
That is a bloody good idea,0,0,1,0,0,0
He is a wizard at designing,0,0,0,0,0,0
She is a total legend with the guitar,0,0,0,0,0,0
Just absolutely superb,0,0,0,0,0,0
really wicked work,0,0,0,0,0,0
You are a killer at chess,0,0,0,0,0,0
really smart performance,0,0,0,0,0,0
That is a damn good design,0,0,1,0,0,0
Truly totally cool,0,0,0,0,0,0
Just damn spectacular,0,0,1,0,0,0
Just bloody legendary,0,0,1,0,0,0
fucking nice game,0,0,1,0,0,0
She is a total killer at chess,0,0,0,0,0,0
You are a beast with gaming,0,0,0,0,0,0
Truly totally lovely,0,0,0,0,0,0
That is a really good job,0,0,0,0,0,0
You are freaking nice,0,0,0,0,0,0
kys,1,0,0,1,0,0
You represent s.h.i.t,1,0,1,0,1,0
That is a freaking beautiful design,0,0,0,0,0,0
That is a bloody legendary work,0,0,1,0,0,0
She is a total monster with chess,0,0,0,0,0,0
damn nice design,0,0,1,0,0,0
Truly really amazing,0,0,0,0,0,0
That is a hella awesome game,0,0,1,0,0,0
bloody great work,0,0,1,0,0,0
hella wicked song,0,0,1,0,0,0
She is a total killer with football,0,0,0,0,0,0
You are proof that evolution can go in reverse,1,0,0,0,1,0
Truly totally fantastic,0,0,0,0,0,0
totally talented design,0,0,0,0,0,0
fucking wicked job,0,0,1,0,0,0
That is a really smart design,0,0,0,0,0,0
kill yourself,1,0,0,1,0,0
really wonderful movie,0,0,0,0,0,0
Honestly fucking magnificent,0,0,1,0,0,0
That is a really brilliant job,0,0,0,0,0,0
You represent d i c k,1,0,1,0,1,0
That is a bloody brilliant code,0,0,1,0,0,0
fucking cool job,0,0,1,0,0,0
That is a bloody sick code,0,0,1,0,0,0
You are the reason instructions are written on shampoo bottles,1,0,0,0,1,0
Truly really wicked,0,0,0,0,0,0
That is a damn amazing design,0,0,1,0,0,0
You represent f a g g o t,1,0,1,0,1,0
This is damn smart,0,0,1,0,0,0
That is a really awesome performance,0,0,0,0,0,0
d1(|<,1,0,1,0,1,0
fucking talented job,0,0,1,0,0,0
You are damn incredible,0,0,1,0,0,0
He is a monster at python,0,0,0,0,0,0
You are a machine with the guitar,0,0,0,0,0,0
Truly fucking talented,0,0,1,0,0,0
Just hella magnificent,0,0,1,0,0,0
damn beautiful job,0,0,1,0,0,0
That is a hella nice movie,0,0,1,0,0,0
That is a really perfect performance,0,0,0,0,0,0
That is a damn wonderful design,0,0,1,0,0,0
damn talented art,0,0,1,0,0,0
This is absolutely dope,0,0,0,0,0,0
You are bloody legendary,0,0,1,0,0,0
Honestly absolutely legendary,0,0,0,0,0,0
That is a totally perfect work,0,0,0,0,0,0
You are a beast on designing,0,0,0,0,0,0
bloody incredible song,0,0,1,0,0,0
fucking amazing performance,0,0,1,0,0,0
Truly bloody awesome,0,0,1,0,0,0
Just damn sick,0,0,1,0,0,0
This is damn good,0,0,1,0,0,0
Wisdom has been chasing you but you have always been faster,1,0,0,0,1,0
fucking wicked performance,0,0,1,0,0,0
You are a demon with cooking,0,0,0,0,0,0
He is a legend with football,0,0,0,0,0,0
This is fucking spectacular,0,0,1,0,0,0
That is a absolutely cool performance,0,0,0,0,0,0
damn awesome art,0,0,1,0,0,0
"Keep rolling your eyes, maybe you'll find a brain back there",1,0,0,0,1,0
You are hella beautiful,0,0,1,0,0,0
That is a totally genius game,0,0,0,0,0,0
He is a machine with gaming,0,0,0,0,0,0
He is a wizard on football,0,0,0,0,0,0
She is a total monster at the guitar,0,0,0,0,0,0
That is a really magnificent song,0,0,0,0,0,0
Honestly really amazing,0,0,0,0,0,0
You are a wizard with python,0,0,0,0,0,0
He is a beast on gaming,0,0,0,0,0,0
damn incredible idea,0,0,1,0,0,0
This is freaking nice,0,0,0,0,0,0
hella good song,0,0,1,0,0,0
absolutely wonderful art,0,0,0,0,0,0
gtfo,1,0,1,0,0,0
That is a really perfect game,0,0,0,0,0,0
Truly damn spectacular,0,0,1,0,0,0
slut,1,0,1,0,1,0
That is a fucking talented performance,0,0,1,0,0,0
You are a wizard on everything,0,0,0,0,0,0
I hate traffic,0,0,0,0,0,0
This is freaking excellent,0,0,0,0,0,0
That is a fucking legendary code,0,0,1,0,0,0
That is totally fantastic,0,0,0,0,0,0
You are fucking great,0,0,1,0,0,0
That is a fucking lovely idea,0,0,1,0,0,0
This is hella amazing,0,0,1,0,0,0
You represent a s s h o l e,1,0,1,0,1,0
That is fucking good,0,0,1,0,0,0
absolutely cool game,0,0,0,0,0,0
That is a hella excellent code,0,0,1,0,0,0
He is a beast with gaming,0,0,0,0,0,0
That is a really legendary song,0,0,0,0,0,0
It was absolutely brilliant,0,0,0,0,0,0
really spectacular code,0,0,0,0,0,0
really excellent code,0,0,0,0,0,0
moron,1,0,0,0,1,0
hella good game,0,0,1,0,0,0
This is fucking amazing,0,0,1,0,0,0
I absolutely hate lag,0,0,0,0,0,0
f@gg0+,1,0,1,0,1,0
That is really superb,0,0,0,0,0,0
He is a monster on everything,0,0,0,0,0,0
You are a legend at coding,0,0,0,0,0,0
That is absolutely lovely,0,0,0,0,0,0
She is a total beast with gaming,0,0,0,0,0,0
You are bloody best,0,0,1,0,0,0
"I forgot the world revolves around you, my apologies",1,0,0,0,1,0
You are damn nice,0,0,1,0,0,0
Just freaking legendary,0,0,0,0,0,0
That is a absolutely sick game,0,0,0,0,0,0
You are a wizard on the guitar,0,0,0,0,0,0
That is a totally good work,0,0,0,0,0,0
That is freaking talented,0,0,0,0,0,0
He is a legend with gaming,0,0,0,0,0,0
fucking spectacular idea,0,0,1,0,0,0
That is a damn funny movie,0,0,1,0,0,0
She is a total machine at the guitar,0,0,0,0,0,0
It was totally dope,0,0,0,0,0,0
really talented idea,0,0,0,0,0,0
That is a absolutely best movie,0,0,0,0,0,0
You are a waste of space and time,1,0,0,0,1,0
He is a monster with designing,0,0,0,0,0,0
He is a monster with python,0,0,0,0,0,0
That is a freaking genius work,0,0,0,0,0,0
That is a fucking magnificent song,0,0,1,0,0,0
I hate spiders,0,0,0,0,0,0
totally wonderful song,0,0,0,0,0,0
You represent n i g g e r,1,0,1,0,1,0
This is freaking fantastic,0,0,0,0,0,0
really best game,0,0,0,0,0,0
Honestly fucking best,0,0,1,0,0,0
That is a fucking excellent game,0,0,1,0,0,0
@$$h01e,1,0,1,0,1,0
That is bloody beautiful,0,0,1,0,0,0
fucking dope code,0,0,1,0,0,0
That is a damn magnificent game,0,0,1,0,0,0
That is a freaking good idea,0,0,0,0,0,0
You represent c u n t,1,0,1,0,1,0
She is a total monster on gaming,0,0,0,0,0,0
It was hella sick,0,0,1,0,0,0
You are a monster with gaming,0,0,0,0,0,0
You represent b.i.t.c.h,1,0,1,0,1,0
idiot,1,0,0,0,1,0
She is a total beast with chess,0,0,0,0,0,0
totally perfect movie,0,0,0,0,0,0
That is a really excellent job,0,0,0,0,0,0
Truly really magnificent,0,0,0,0,0,0
bloody wicked movie,0,0,1,0,0,0
You are a waste of space and time,1,0,0,0,1,0
hella fantastic movie,0,0,1,0,0,0
You are absolutely spectacular,0,0,0,0,0,0
damn good art,0,0,1,0,0,0
Just totally great,0,0,0,0,0,0
She is a total machine on coding,0,0,0,0,0,0
fucking sick performance,0,0,1,0,0,0
It was freaking genius,0,0,0,0,0,0
You are a killer at coding,0,0,0,0,0,0
That is a really superb game,0,0,0,0,0,0
I hate cold coffee,0,0,0,0,0,0
You are fucking cool,0,0,1,0,0,0
hella beautiful song,0,0,1,0,0,0
Truly hella fantastic,0,0,1,0,0,0
He is a demon with the guitar,0,0,0,0,0,0
This is really amazing,0,0,0,0,0,0
That is a bloody spectacular game,0,0,1,0,0,0
It was damn nice,0,0,1,0,0,0
Just damn good,0,0,1,0,0,0
You have the perfect face for radio,1,0,0,0,1,0
He is a demon at coding,0,0,0,0,0,0
Honestly hella talented,0,0,1,0,0,0
bloody wonderful performance,0,0,1,0,0,0
That is a totally wonderful game,0,0,0,0,0,0
gtfo,1,0,1,0,0,0
I'd agree with you but then we'd both be wrong,1,0,0,0,1,0
This is freaking awesome,0,0,0,0,0,0
That is a really good design,0,0,0,0,0,0
That is a damn cool work,0,0,1,0,0,0
damn cool song,0,0,1,0,0,0
@$$h01e,1,0,1,0,1,0
That is a really wonderful art,0,0,0,0,0,0
He is a killer with python,0,0,0,0,0,0
That is a totally fantastic idea,0,0,0,0,0,0
freaking beautiful song,0,0,0,0,0,0
Truly freaking lovely,0,0,0,0,0,0
She is a total legend at chess,0,0,0,0,0,0
You have a very large brain for someone who doesn't use it,1,0,0,0,1,0
fucking fantastic song,0,0,1,0,0,0
That is a bloody amazing performance,0,0,1,0,0,0
That is a hella nice idea,0,0,1,0,0,0
That is a fucking amazing code,0,0,1,0,0,0
totally great job,0,0,0,0,0,0
She is a total machine with football,0,0,0,0,0,0
You are not pretty enough to be this stupid,1,0,0,0,1,0
Honestly freaking genius,0,0,0,0,0,0
That is a bloody incredible movie,0,0,1,0,0,0
It was really amazing,0,0,0,0,0,0
You are a beast on python,0,0,0,0,0,0
whore,1,0,1,0,1,0
bloody beautiful work,0,0,1,0,0,0
You are a demon with coding,0,0,0,0,0,0
Just absolutely best,0,0,0,0,0,0
bloody awesome art,0,0,1,0,0,0
You are impossible to underestimate,1,0,0,0,1,0
Your secrets are always safe with me because I never listen to you,1,0,0,0,1,0
I envy people who have not met you,1,0,0,0,1,0
It was damn good,0,0,1,0,0,0
That is a damn genius code,0,0,1,0,0,0
That is freaking perfect,0,0,0,0,0,0
He is a demon on the piano,0,0,0,0,0,0
I really hate traffic,0,0,0,0,0,0
hella smart code,0,0,1,0,0,0
That is a totally amazing game,0,0,0,0,0,0
You are really dope,0,0,0,0,0,0
Truly absolutely sick,0,0,0,0,0,0
You are bloody excellent,0,0,1,0,0,0
f u c k,1,0,1,0,1,0
You are a legend at designing,0,0,0,0,0,0
That is a hella smart code,0,0,1,0,0,0
This is hella beautiful,0,0,1,0,0,0
That is a bloody good performance,0,0,1,0,0,0
That is a totally legendary idea,0,0,0,0,0,0
He is a monster on chess,0,0,0,0,0,0
damn best movie,0,0,1,0,0,0
He is a monster at designing,0,0,0,0,0,0
This is damn beautiful,0,0,1,0,0,0
That is a damn beautiful code,0,0,1,0,0,0
hella nice song,0,0,1,0,0,0
hella fantastic code,0,0,1,0,0,0
You are a legend on chess,0,0,0,0,0,0
That is fucking awesome,0,0,1,0,0,0
absolutely magnificent code,0,0,0,0,0,0
That is a bloody awesome game,0,0,1,0,0,0
Just hella best,0,0,1,0,0,0
That is a bloody excellent game,0,0,1,0,0,0
That is totally dope,0,0,0,0,0,0
totally sick job,0,0,0,0,0,0
That is a hella excellent design,0,0,1,0,0,0
She is a total monster with coding,0,0,0,0,0,0
It was bloody legendary,0,0,1,0,0,0
Just damn excellent,0,0,1,0,0,0
You are a legend with chess,0,0,0,0,0,0
absolutely wicked song,0,0,0,0,0,0
bloody sick job,0,0,1,0,0,0
fucking best game,0,0,1,0,0,0
That is a bloody lovely work,0,0,1,0,0,0
That is a really funny job,0,0,0,0,0,0
That is a bloody dope game,0,0,1,0,0,0
Truly hella spectacular,0,0,1,0,0,0
It was damn magnificent,0,0,1,0,0,0
That is a freaking magnificent art,0,0,0,0,0,0
bloody lovely code,0,0,1,0,0,0
It was totally lovely,0,0,0,0,0,0
That is a totally incredible game,0,0,0,0,0,0
That is a damn magnificent performance,0,0,1,0,0,0
You represent s.h.i.t,1,0,1,0,1,0
Just hella funny,0,0,1,0,0,0
freaking fantastic job,0,0,0,0,0,0
That is a bloody magnificent song,0,0,1,0,0,0
Truly damn wonderful,0,0,1,0,0,0
hella superb code,0,0,1,0,0,0
absolutely funny job,0,0,0,0,0,0
That is damn awesome,0,0,1,0,0,0
"If laughter is the best medicine, your face must be curing the world",1,0,0,0,1,0
This is totally dope,0,0,0,0,0,0
That is a fucking cool performance,0,0,1,0,0,0
really smart job,0,0,0,0,0,0
whore,1,0,1,0,1,0
That is a totally legendary song,0,0,0,0,0,0
This is freaking legendary,0,0,0,0,0,0
You are a legend on the piano,0,0,0,0,0,0
That is a freaking best game,0,0,0,0,0,0
That is a bloody dope design,0,0,1,0,0,0
It was really beautiful,0,0,0,0,0,0
fucking genius movie,0,0,1,0,0,0
freaking best game,0,0,0,0,0,0
That is a really best song,0,0,0,0,0,0
That is damn nice,0,0,1,0,0,0
That is a hella superb job,0,0,1,0,0,0
Just really dope,0,0,0,0,0,0
I envy people who have not met you,1,0,0,0,1,0
She is a total legend at gaming,0,0,0,0,0,0
That is a absolutely incredible art,0,0,0,0,0,0
That is a fucking legendary design,0,0,1,0,0,0
That is a hella wicked movie,0,0,1,0,0,0
That is a bloody spectacular art,0,0,1,0,0,0
You are a beast on coding,0,0,0,0,0,0
"Keep rolling your eyes, maybe you'll find a brain back there",1,0,0,0,1,0
damn incredible song,0,0,1,0,0,0
kill yourself,1,0,0,1,0,0
He is a beast at cooking,0,0,0,0,0,0
I really hate waiting,0,0,0,0,0,0
She is a total wizard at coding,0,0,0,0,0,0
I absolutely hate bugs,0,0,0,0,0,0
He is a wizard with gaming,0,0,0,0,0,0
That is bloody cool,0,0,1,0,0,0
That is a really amazing idea,0,0,0,0,0,0
It was absolutely amazing,0,0,0,0,0,0
You are a demon at the guitar,0,0,0,0,0,0
Honestly absolutely beautiful,0,0,0,0,0,0
freaking legendary art,0,0,0,0,0,0
That is a absolutely genius art,0,0,0,0,0,0
That is a absolutely amazing design,0,0,0,0,0,0
Honestly hella superb,0,0,1,0,0,0
You are really wicked,0,0,0,0,0,0
Honestly hella spectacular,0,0,1,0,0,0
It was totally sick,0,0,0,0,0,0
freaking amazing work,0,0,0,0,0,0
totally wicked design,0,0,0,0,0,0
She is a total legend with gaming,0,0,0,0,0,0
Wisdom has been chasing you but you have always been faster,1,0,0,0,1,0
really funny game,0,0,0,0,0,0
That is a really magnificent design,0,0,0,0,0,0
That is a totally wonderful idea,0,0,0,0,0,0
freaking talented game,0,0,0,0,0,0
Truly freaking fantastic,0,0,0,0,0,0
Somewhere a tree is working hard to replace the oxygen you waste,1,0,0,0,1,0
really legendary song,0,0,0,0,0,0
This is hella superb,0,0,1,0,0,0
She is a total beast on chess,0,0,0,0,0,0
That is a hella good song,0,0,1,0,0,0
You have the perfect face for radio,1,0,0,0,1,0
It was totally incredible,0,0,0,0,0,0
That is a bloody genius performance,0,0,1,0,0,0
He is a killer with football,0,0,0,0,0,0
bloody incredible movie,0,0,1,0,0,0
That is a damn cool game,0,0,1,0,0,0
It was totally brilliant,0,0,0,0,0,0
You are really amazing,0,0,0,0,0,0
That is fucking brilliant,0,0,1,0,0,0
Just damn awesome,0,0,1,0,0,0
That is a bloody excellent song,0,0,1,0,0,0
He is a monster on cooking,0,0,0,0,0,0
Just bloody cool,0,0,1,0,0,0
bloody legendary song,0,0,1,0,0,0
That is a hella perfect design,0,0,1,0,0,0
This is fucking brilliant,0,0,1,0,0,0
bloody incredible design,0,0,1,0,0,0
Honestly bloody lovely,0,0,1,0,0,0
She is a total monster on chess,0,0,0,0,0,0
That is a freaking lovely movie,0,0,0,0,0,0
You are freaking genius,0,0,0,0,0,0
You are fucking brilliant,0,0,1,0,0,0
You are freaking superb,0,0,0,0,0,0
You are a killer on everything,0,0,0,0,0,0
That is a fucking magnificent performance,0,0,1,0,0,0
freaking fantastic design,0,0,0,0,0,0
absolutely spectacular job,0,0,0,0,0,0
That is a totally best performance,0,0,0,0,0,0
kys,1,0,0,1,0,0
He is a beast with football,0,0,0,0,0,0
absolutely good movie,0,0,0,0,0,0
She is a total legend on gaming,0,0,0,0,0,0
It was freaking sick,0,0,0,0,0,0
That is a freaking amazing art,0,0,0,0,0,0
That is a freaking great work,0,0,0,0,0,0
This is really spectacular,0,0,0,0,0,0
That is a damn magnificent work,0,0,1,0,0,0
You are a wizard on solving problems,0,0,0,0,0,0
totally magnificent performance,0,0,0,0,0,0
really genius movie,0,0,0,0,0,0
Truly bloody brilliant,0,0,1,0,0,0
You are a beast at the piano,0,0,0,0,0,0
That is a damn funny game,0,0,1,0,0,0
Just fucking magnificent,0,0,1,0,0,0
It was fucking amazing,0,0,1,0,0,0
He is a demon on cooking,0,0,0,0,0,0
That is a totally spectacular movie,0,0,0,0,0,0
This is really sick,0,0,0,0,0,0
Truly damn legendary,0,0,1,0,0,0
absolutely lovely design,0,0,0,0,0,0
hella genius performance,0,0,1,0,0,0
That is a totally genius job,0,0,0,0,0,0
That is a freaking talented design,0,0,0,0,0,0
Just really fantastic,0,0,0,0,0,0
Truly really perfect,0,0,0,0,0,0
You are bloody spectacular,0,0,1,0,0,0
I absolutely hate waiting,0,0,0,0,0,0
That is a freaking best idea,0,0,0,0,0,0
That is a absolutely lovely performance,0,0,0,0,0,0
"If laughter is the best medicine, your face must be curing the world",1,0,0,0,1,0
You bring so much joy when you leave the room,1,0,0,0,1,0
fucking brilliant performance,0,0,1,0,0,0
really good job,0,0,0,0,0,0
It was really perfect,0,0,0,0,0,0
You are a wizard with gaming,0,0,0,0,0,0
hella sick idea,0,0,1,0,0,0
absolutely superb work,0,0,0,0,0,0
You are a monster on gaming,0,0,0,0,0,0
She is a total demon at football,0,0,0,0,0,0
damn dope performance,0,0,1,0,0,0
I really hate cold coffee,0,0,0,0,0,0
That is a totally nice song,0,0,0,0,0,0
It was freaking incredible,0,0,0,0,0,0
bloody awesome game,0,0,1,0,0,0
totally legendary idea,0,0,0,0,0,0
That is a freaking smart design,0,0,0,0,0,0
That is a freaking talented performance,0,0,0,0,0,0
Honestly damn funny,0,0,1,0,0,0
absolutely amazing movie,0,0,0,0,0,0
He is a killer on chess,0,0,0,0,0,0
That is a hella good game,0,0,1,0,0,0
That is a really lovely game,0,0,0,0,0,0
bloody wonderful code,0,0,1,0,0,0
He is a demon at designing,0,0,0,0,0,0
freaking brilliant code,0,0,0,0,0,0
That is a freaking perfect work,0,0,0,0,0,0
Truly damn sick,0,0,1,0,0,0
That is a totally cool job,0,0,0,0,0,0
That is a totally dope game,0,0,0,0,0,0
That is really sick,0,0,0,0,0,0
You are a wizard with designing,0,0,0,0,0,0
You represent f.a.g.g.o.t,1,0,1,0,1,0
hella excellent game,0,0,1,0,0,0
Honestly totally spectacular,0,0,0,0,0,0
It was bloody incredible,0,0,1,0,0,0
slut,1,0,1,0,1,0
It was fucking wicked,0,0,1,0,0,0
absolutely awesome code,0,0,0,0,0,0
f u c k,1,0,1,0,1,0
That is a totally amazing performance,0,0,0,0,0,0
That is damn best,0,0,1,0,0,0
You are damn amazing,0,0,1,0,0,0
fucking genius song,0,0,1,0,0,0
s h i t,1,0,1,0,1,0
fucking lovely work,0,0,1,0,0,0
He is a demon on coding,0,0,0,0,0,0
That is a really genius performance,0,0,0,0,0,0
You are a wizard on cooking,0,0,0,0,0,0
That is a bloody smart work,0,0,1,0,0,0
That is a really talented art,0,0,0,0,0,0
Honestly absolutely awesome,0,0,0,0,0,0
You absolutely killed it on stage,0,0,0,0,0,0
fucking funny game,0,0,1,0,0,0
That is a totally talented idea,0,0,0,0,0,0
That is absolutely legendary,0,0,0,0,0,0
That is a fucking beautiful design,0,0,1,0,0,0
That is a hella wonderful performance,0,0,1,0,0,0
That is a bloody wicked game,0,0,1,0,0,0
This is really fantastic,0,0,0,0,0,0
You are fucking best,0,0,1,0,0,0
damn beautiful movie,0,0,1,0,0,0
damn talented work,0,0,1,0,0,0
Just fucking wonderful,0,0,1,0,0,0
That is fucking smart,0,0,1,0,0,0
That is a damn brilliant code,0,0,1,0,0,0
really genius performance,0,0,0,0,0,0
bloody great performance,0,0,1,0,0,0
He is a beast at football,0,0,0,0,0,0
That is damn dope,0,0,1,0,0,0
She is a total demon with designing,0,0,0,0,0,0
Honestly really perfect,0,0,0,0,0,0
You bring so much joy when you leave the room,1,0,0,0,1,0
Truly freaking awesome,0,0,0,0,0,0
You are a beast with solving problems,0,0,0,0,0,0
really good performance,0,0,0,0,0,0
He is a machine on football,0,0,0,0,0,0
You are fucking beautiful,0,0,1,0,0,0
That is a hella genius song,0,0,1,0,0,0
That is damn incredible,0,0,1,0,0,0
This is totally wonderful,0,0,0,0,0,0
That is damn talented,0,0,1,0,0,0
That is a fucking talented idea,0,0,1,0,0,0
That is absolutely dope,0,0,0,0,0,0
That is a bloody genius work,0,0,1,0,0,0
freaking nice design,0,0,0,0,0,0
You represent d.i.c.k,1,0,1,0,1,0
fucking amazing art,0,0,1,0,0,0
totally superb song,0,0,0,0,0,0
It was absolutely perfect,0,0,0,0,0,0
It was bloody fantastic,0,0,1,0,0,0
totally brilliant song,0,0,0,0,0,0
She is a total wizard on chess,0,0,0,0,0,0
hella cool art,0,0,1,0,0,0
It was fucking brilliant,0,0,1,0,0,0
That is a fucking cool code,0,0,1,0,0,0
He is a monster with chess,0,0,0,0,0,0
That is a fucking nice job,0,0,1,0,0,0
totally brilliant game,0,0,0,0,0,0
That is a absolutely legendary game,0,0,0,0,0,0
This is bloody cool,0,0,1,0,0,0
This is absolutely genius,0,0,0,0,0,0
totally dope idea,0,0,0,0,0,0
bloody best code,0,0,1,0,0,0
That is a hella excellent game,0,0,1,0,0,0
absolutely fantastic performance,0,0,0,0,0,0
That is a totally smart game,0,0,0,0,0,0
totally spectacular code,0,0,0,0,0,0
Just bloody funny,0,0,1,0,0,0
You are a legend at chess,0,0,0,0,0,0
You are damn perfect,0,0,1,0,0,0
freaking perfect performance,0,0,0,0,0,0
Honestly fucking wicked,0,0,1,0,0,0
You are totally excellent,0,0,0,0,0,0
You are bloody good,0,0,1,0,0,0
Honestly hella wonderful,0,0,1,0,0,0
He is a beast with solving problems,0,0,0,0,0,0
I'd agree with you but then we'd both be wrong,1,0,0,0,1,0
absolutely brilliant job,0,0,0,0,0,0
I envy people who have not met you,1,0,0,0,1,0
Honestly damn genius,0,0,1,0,0,0
That is damn wicked,0,0,1,0,0,0
It was freaking beautiful,0,0,0,0,0,0
kys,1,0,0,1,0,0
That is a absolutely sick job,0,0,0,0,0,0
It was fucking lovely,0,0,1,0,0,0
damn perfect code,0,0,1,0,0,0
Truly fucking funny,0,0,1,0,0,0
fucking dope performance,0,0,1,0,0,0
God is so unfair to take away your intelligence,1,0,0,0,1,0
s.h.i.t,1,0,1,0,1,0
You are a machine with designing,0,0,0,0,0,0
Honestly really great,0,0,0,0,0,0
Truly fucking wicked,0,0,1,0,0,0
Just damn best,0,0,1,0,0,0
That is a bloody perfect performance,0,0,1,0,0,0
He is a beast on everything,0,0,0,0,0,0
You are totally funny,0,0,0,0,0,0
That is a fucking brilliant job,0,0,1,0,0,0
Truly freaking genius,0,0,0,0,0,0
moron,1,0,0,0,1,0
loser,1,0,0,0,1,0
Just bloody best,0,0,1,0,0,0
Honestly hella funny,0,0,1,0,0,0
bloody sick movie,0,0,1,0,0,0
She is a total monster at the piano,0,0,0,0,0,0
Honestly totally brilliant,0,0,0,0,0,0
hella wonderful job,0,0,1,0,0,0
Just freaking wonderful,0,0,0,0,0,0
That is a really brilliant movie,0,0,0,0,0,0
loser,1,0,0,0,1,0
"I forgot the world revolves around you, my apologies",1,0,0,0,1,0
That is a really good work,0,0,0,0,0,0
That is a fucking funny job,0,0,1,0,0,0
fucking spectacular job,0,0,1,0,0,0
That is a freaking excellent design,0,0,0,0,0,0
fucking amazing work,0,0,1,0,0,0
This is freaking beautiful,0,0,0,0,0,0
She is a total beast at the guitar,0,0,0,0,0,0
You are a monster with coding,0,0,0,0,0,0
Honestly totally awesome,0,0,0,0,0,0
absolutely genius design,0,0,0,0,0,0
Just totally incredible,0,0,0,0,0,0
He is a monster with football,0,0,0,0,0,0
Truly hella lovely,0,0,1,0,0,0
This is hella wicked,0,0,1,0,0,0
Truly absolutely cool,0,0,0,0,0,0
That is a fucking good design,0,0,1,0,0,0
He is a machine at the guitar,0,0,0,0,0,0
That is a fucking magnificent art,0,0,1,0,0,0
Honestly fucking great,0,0,1,0,0,0
She is a total wizard at solving problems,0,0,0,0,0,0
You represent c.u.n.t,1,0,1,0,1,0
He is a legend at coding,0,0,0,0,0,0
She is a total monster at everything,0,0,0,0,0,0
You are a killer on football,0,0,0,0,0,0
He is a demon at chess,0,0,0,0,0,0
He is a monster on coding,0,0,0,0,0,0
This is fucking excellent,0,0,1,0,0,0
bloody dope job,0,0,1,0,0,0
You have a very large brain for someone who doesn't use it,1,0,0,0,1,0
That is bloody spectacular,0,0,1,0,0,0
You are a wizard at cooking,0,0,0,0,0,0
Just absolutely nice,0,0,0,0,0,0
That is a really sick game,0,0,0,0,0,0
Honestly freaking beautiful,0,0,0,0,0,0
That is fucking magnificent,0,0,1,0,0,0
Just hella fantastic,0,0,1,0,0,0
Truly damn excellent,0,0,1,0,0,0
She is a total wizard with gaming,0,0,0,0,0,0
You are a legend at everything,0,0,0,0,0,0
She is a total demon at coding,0,0,0,0,0,0
That is a totally genius performance,0,0,0,0,0,0
really excellent job,0,0,0,0,0,0
moron,1,0,0,0,1,0
That is a damn talented art,0,0,1,0,0,0
really fantastic code,0,0,0,0,0,0
You are a demon with the guitar,0,0,0,0,0,0
That is a totally cool song,0,0,0,0,0,0
(vn+,1,0,1,0,1,0
fucking wicked work,0,0,1,0,0,0
Truly damn smart,0,0,1,0,0,0
Just absolutely incredible,0,0,0,0,0,0
That is a absolutely fantastic art,0,0,0,0,0,0
He is a beast on designing,0,0,0,0,0,0
That is a fucking good idea,0,0,1,0,0,0
Just freaking excellent,0,0,0,0,0,0
You are impossible to underestimate,1,0,0,0,1,0
absolutely spectacular game,0,0,0,0,0,0
You are absolutely genius,0,0,0,0,0,0
That is a fucking nice game,0,0,1,0,0,0
She is a total beast with coding,0,0,0,0,0,0
You are absolutely lovely,0,0,0,0,0,0
You are really smart,0,0,0,0,0,0
He is a machine on cooking,0,0,0,0,0,0
That is a fucking lovely movie,0,0,1,0,0,0
fucking awesome idea,0,0,1,0,0,0
Somewhere a tree is working hard to replace the oxygen you waste,1,0,0,0,1,0
She is a total beast with the guitar,0,0,0,0,0,0
He is a demon at everything,0,0,0,0,0,0
damn beautiful idea,0,0,1,0,0,0
That is absolutely talented,0,0,0,0,0,0
That is a freaking great code,0,0,0,0,0,0
That is a really incredible movie,0,0,0,0,0,0
I absolutely hate waking up,0,0,0,0,0,0
He is a demon on chess,0,0,0,0,0,0
It was freaking smart,0,0,0,0,0,0
You have the perfect face for radio,1,0,0,0,1,0
That is a damn beautiful design,0,0,1,0,0,0
That is a totally brilliant work,0,0,0,0,0,0
absolutely wicked design,0,0,0,0,0,0
That is really amazing,0,0,0,0,0,0
This is absolutely wicked,0,0,0,0,0,0
damn awesome idea,0,0,1,0,0,0
It was absolutely talented,0,0,0,0,0,0
Truly really talented,0,0,0,0,0,0
She is a total wizard at gaming,0,0,0,0,0,0
That is a hella incredible design,0,0,1,0,0,0
damn nice code,0,0,1,0,0,0
That is a fucking magnificent movie,0,0,1,0,0,0
damn genius work,0,0,1,0,0,0
She is a total machine at designing,0,0,0,0,0,0
It was totally funny,0,0,0,0,0,0
That is really funny,0,0,0,0,0,0
You are a monster at football,0,0,0,0,0,0
That is a freaking funny art,0,0,0,0,0,0
That is a damn magnificent code,0,0,1,0,0,0
That is a freaking incredible performance,0,0,0,0,0,0
Just totally excellent,0,0,0,0,0,0
That is a totally spectacular code,0,0,0,0,0,0
freaking legendary movie,0,0,0,0,0,0
totally good work,0,0,0,0,0,0
You are a machine with cooking,0,0,0,0,0,0
That is a absolutely legendary work,0,0,0,0,0,0
Truly fucking brilliant,0,0,1,0,0,0
freaking great work,0,0,0,0,0,0
That is really cool,0,0,0,0,0,0
hella amazing idea,0,0,1,0,0,0
totally spectacular game,0,0,0,0,0,0
Truly absolutely smart,0,0,0,0,0,0
She is a total machine at the piano,0,0,0,0,0,0
You are a killer with python,0,0,0,0,0,0
This is absolutely fantastic,0,0,0,0,0,0
That is a totally nice game,0,0,0,0,0,0
It was really funny,0,0,0,0,0,0
damn amazing performance,0,0,1,0,0,0
She is a total monster at gaming,0,0,0,0,0,0
really talented design,0,0,0,0,0,0
That is a hella cool game,0,0,1,0,0,0
totally genius job,0,0,0,0,0,0
That is a freaking awesome idea,0,0,0,0,0,0
really fantastic song,0,0,0,0,0,0
slut,1,0,1,0,1,0
That is a totally wicked movie,0,0,0,0,0,0
freaking awesome movie,0,0,0,0,0,0
fucking superb work,0,0,1,0,0,0
That is a hella legendary art,0,0,1,0,0,0
damn good idea,0,0,1,0,0,0
You are hella wicked,0,0,1,0,0,0
Just totally best,0,0,0,0,0,0
This is totally perfect,0,0,0,0,0,0
This is absolutely perfect,0,0,0,0,0,0
That is a damn genius performance,0,0,1,0,0,0
I really hate mondays,0,0,0,0,0,0
really cool design,0,0,0,0,0,0
Just absolutely good,0,0,0,0,0,0
Truly totally superb,0,0,0,0,0,0
absolutely nice game,0,0,0,0,0,0
Truly damn nice,0,0,1,0,0,0
That is a freaking awesome work,0,0,0,0,0,0
That is freaking incredible,0,0,0,0,0,0
Your secrets are always safe with me because I never listen to you,1,0,0,0,1,0
You have a very large brain for someone who doesn't use it,1,0,0,0,1,0
You are a legend on the guitar,0,0,0,0,0,0
This is totally amazing,0,0,0,0,0,0
You represent @$$h01e,1,0,1,0,1,0
That is totally genius,0,0,0,0,0,0
This is bloody excellent,0,0,1,0,0,0
You bring so much joy when you leave the room,1,0,0,0,1,0
You are freaking amazing,0,0,0,0,0,0
It was bloody good,0,0,1,0,0,0
You represent b1+(h,1,0,1,0,1,0
hella incredible movie,0,0,1,0,0,0
freaking best code,0,0,0,0,0,0
You are a waste of space and time,1,0,0,0,1,0
Honestly totally perfect,0,0,0,0,0,0
You are impossible to underestimate,1,0,0,0,1,0
It was damn best,0,0,1,0,0,0
Your secrets are always safe with me because I never listen to you,1,0,0,0,1,0
That is a totally fantastic work,0,0,0,0,0,0
damn talented idea,0,0,1,0,0,0
really spectacular idea,0,0,0,0,0,0
I envy people who have not met you,1,0,0,0,1,0
absolutely genius art,0,0,0,0,0,0
She is a total beast on solving problems,0,0,0,0,0,0
That is damn good,0,0,1,0,0,0
fucking fantastic work,0,0,1,0,0,0
You represent d1(|<,1,0,1,0,1,0
That is freaking brilliant,0,0,0,0,0,0
"Please try thinking, it's not illegal yet",1,0,0,0,1,0
bloody excellent movie,0,0,1,0,0,0
He is a killer at chess,0,0,0,0,0,0
moron,1,0,0,0,1,0
totally magnificent job,0,0,0,0,0,0
hella awesome game,0,0,1,0,0,0
That is a damn funny work,0,0,1,0,0,0
That is a fucking smart design,0,0,1,0,0,0
That is a really talented code,0,0,0,0,0,0
This is really best,0,0,0,0,0,0
That is a bloody good movie,0,0,1,0,0,0
damn dope game,0,0,1,0,0,0
You are a waste of space and time,1,0,0,0,1,0
Just bloody excellent,0,0,1,0,0,0
That is a hella funny idea,0,0,1,0,0,0
fucking nice job,0,0,1,0,0,0
fucking magnificent song,0,0,1,0,0,0
Truly freaking beautiful,0,0,0,0,0,0
Truly damn awesome,0,0,1,0,0,0
hella cool movie,0,0,1,0,0,0
idiot,1,0,0,0,1,0
gtfo,1,0,1,0,0,0
You are freaking brilliant,0,0,0,0,0,0
That is totally magnificent,0,0,0,0,0,0
Honestly bloody best,0,0,1,0,0,0
"Please try thinking, it's not illegal yet",1,0,0,0,1,0
You are a killer on coding,0,0,0,0,0,0
freaking amazing movie,0,0,0,0,0,0
She is a total demon with everything,0,0,0,0,0,0
She is a total legend on everything,0,0,0,0,0,0
You are a demon with python,0,0,0,0,0,0
You are totally genius,0,0,0,0,0,0
totally genius song,0,0,0,0,0,0
"Keep rolling your eyes, maybe you'll find a brain back there",1,0,0,0,1,0
That is a totally incredible design,0,0,0,0,0,0
That is a fucking smart art,0,0,1,0,0,0
You are really good,0,0,0,0,0,0
This is hella smart,0,0,1,0,0,0
Just really best,0,0,0,0,0,0
really best idea,0,0,0,0,0,0
It was really lovely,0,0,0,0,0,0
Your secrets are always safe with me because I never listen to you,1,0,0,0,1,0
That is a fucking talented job,0,0,1,0,0,0
Just damn wicked,0,0,1,0,0,0
totally fantastic code,0,0,0,0,0,0
I kill spiders whenever I see them,0,0,0,0,0,0
You are a killer at the guitar,0,0,0,0,0,0
That is a bloody cool idea,0,0,1,0,0,0
God is so unfair to take away your intelligence,1,0,0,0,1,0
She is a total killer with everything,0,0,0,0,0,0
She is a total beast on everything,0,0,0,0,0,0
really dope code,0,0,0,0,0,0
That is a totally legendary performance,0,0,0,0,0,0
hella brilliant job,0,0,1,0,0,0
really nice song,0,0,0,0,0,0
freaking spectacular performance,0,0,0,0,0,0
damn funny movie,0,0,1,0,0,0
That is a damn cool art,0,0,1,0,0,0
That is a fucking brilliant performance,0,0,1,0,0,0
That is a absolutely wicked code,0,0,0,0,0,0
totally talented art,0,0,0,0,0,0
really perfect song,0,0,0,0,0,0
You have a very large brain for someone who doesn't use it,1,0,0,0,1,0
She is a total machine at gaming,0,0,0,0,0,0
That is a freaking legendary movie,0,0,0,0,0,0
totally best design,0,0,0,0,0,0
That is a really legendary work,0,0,0,0,0,0
bloody genius performance,0,0,1,0,0,0
bloody lovely work,0,0,1,0,0,0
You are hella sick,0,0,1,0,0,0
She is a total machine at cooking,0,0,0,0,0,0
That is a totally excellent art,0,0,0,0,0,0
Just totally wonderful,0,0,0,0,0,0
freaking incredible idea,0,0,0,0,0,0
You are absolutely brilliant,0,0,0,0,0,0
It was damn funny,0,0,1,0,0,0
I hate mondays,0,0,0,0,0,0
totally good code,0,0,0,0,0,0
You are a killer on the guitar,0,0,0,0,0,0
totally spectacular movie,0,0,0,0,0,0
Truly fucking genius,0,0,1,0,0,0
You represent n.i.g.g.e.r,1,0,1,0,1,0
That is damn amazing,0,0,1,0,0,0
You are impossible to underestimate,1,0,0,0,1,0
You are hella magnificent,0,0,1,0,0,0
That is a absolutely incredible performance,0,0,0,0,0,0
Honestly really funny,0,0,0,0,0,0
This is totally sick,0,0,0,0,0,0
This is damn genius,0,0,1,0,0,0
You are bloody great,0,0,1,0,0,0
You are a legend with the piano,0,0,0,0,0,0
You are hella good,0,0,1,0,0,0
bloody lovely song,0,0,1,0,0,0
Just totally spectacular,0,0,0,0,0,0
Just really excellent,0,0,0,0,0,0
She is a total monster with football,0,0,0,0,0,0
fucking smart art,0,0,1,0,0,0
Just absolutely amazing,0,0,0,0,0,0
freaking great design,0,0,0,0,0,0
This is really awesome,0,0,0,0,0,0
That is a bloody wonderful code,0,0,1,0,0,0
hella funny art,0,0,1,0,0,0
fucking funny performance,0,0,1,0,0,0
fucking lovely movie,0,0,1,0,0,0
You are damn beautiful,0,0,1,0,0,0
That is a totally wicked performance,0,0,0,0,0,0
This is bloody best,0,0,1,0,0,0
You are damn legendary,0,0,1,0,0,0
Honestly bloody incredible,0,0,1,0,0,0
I hate waking up,0,0,0,0,0,0
freaking superb job,0,0,0,0,0,0
This is hella brilliant,0,0,1,0,0,0
He is a legend at everything,0,0,0,0,0,0
That is a damn superb work,0,0,1,0,0,0
bloody magnificent idea,0,0,1,0,0,0
You are fucking excellent,0,0,1,0,0,0
You are fucking genius,0,0,1,0,0,0
Honestly hella excellent,0,0,1,0,0,0
I really hate lag,0,0,0,0,0,0
That is a really magnificent idea,0,0,0,0,0,0
He is a beast at designing,0,0,0,0,0,0
b1+(h,1,0,1,0,1,0
That is a bloody cool job,0,0,1,0,0,0
really beautiful idea,0,0,0,0,0,0
You are fucking awesome,0,0,1,0,0,0
You represent f u c k,1,0,1,0,1,0
You are a monster with chess,0,0,0,0,0,0
She is a total demon with gaming,0,0,0,0,0,0
damn smart performance,0,0,1,0,0,0
Just bloody awesome,0,0,1,0,0,0
kill yourself,1,0,0,1,0,0
bloody good idea,0,0,1,0,0,0
That is a absolutely good code,0,0,0,0,0,0
You are a beast on gaming,0,0,0,0,0,0
That is a hella spectacular code,0,0,1,0,0,0
"Keep rolling your eyes, maybe you'll find a brain back there",1,0,0,0,1,0
You represent d1(|<,1,0,1,0,1,0
You are a demon at coding,0,0,0,0,0,0
Truly fucking dope,0,0,1,0,0,0
She is a total legend with everything,0,0,0,0,0,0
You are not pretty enough to be this stupid,1,0,0,0,1,0
You are a machine with everything,0,0,0,0,0,0
hella great game,0,0,1,0,0,0
You are a wizard on chess,0,0,0,0,0,0
Honestly bloody good,0,0,1,0,0,0
You have a very large brain for someone who doesn't use it,1,0,0,0,1,0
That is a hella nice design,0,0,1,0,0,0
You are a killer on designing,0,0,0,0,0,0
That is a fucking perfect movie,0,0,1,0,0,0
It was totally spectacular,0,0,0,0,0,0
Honestly freaking excellent,0,0,0,0,0,0
totally awesome code,0,0,0,0,0,0
She is a total killer on gaming,0,0,0,0,0,0
You are absolutely incredible,0,0,0,0,0,0
It was really spectacular,0,0,0,0,0,0
Truly bloody good,0,0,1,0,0,0
Truly hella wonderful,0,0,1,0,0,0
That is a damn lovely game,0,0,1,0,0,0
really incredible code,0,0,0,0,0,0
Wisdom has been chasing you but you have always been faster,1,0,0,0,1,0
Just absolutely talented,0,0,0,0,0,0
That is a totally brilliant song,0,0,0,0,0,0
That is a bloody cool song,0,0,1,0,0,0
That is a hella genius performance,0,0,1,0,0,0
freaking sick song,0,0,0,0,0,0
That is a totally dope art,0,0,0,0,0,0
He is a killer at the piano,0,0,0,0,0,0
You are not pretty enough to be this stupid,1,0,0,0,1,0
That is a absolutely genius movie,0,0,0,0,0,0
Honestly really good,0,0,0,0,0,0
freaking magnificent idea,0,0,0,0,0,0
You are absolutely beautiful,0,0,0,0,0,0
That is a totally funny performance,0,0,0,0,0,0
totally funny performance,0,0,0,0,0,0
He is a killer with gaming,0,0,0,0,0,0
That is a totally great idea,0,0,0,0,0,0
That is a fucking brilliant movie,0,0,1,0,0,0
This is bloody nice,0,0,1,0,0,0
really perfect art,0,0,0,0,0,0
That is a totally legendary game,0,0,0,0,0,0
damn nice performance,0,0,1,0,0,0
totally excellent art,0,0,0,0,0,0
He is a legend with designing,0,0,0,0,0,0
Honestly fucking incredible,0,0,1,0,0,0
He is a wizard at cooking,0,0,0,0,0,0
absolutely sick game,0,0,0,0,0,0
totally perfect code,0,0,0,0,0,0
Honestly freaking fantastic,0,0,0,0,0,0
That is a totally excellent game,0,0,0,0,0,0
That is a fucking cool work,0,0,1,0,0,0
"I forgot the world revolves around you, my apologies",1,0,0,0,1,0
You are a killer with cooking,0,0,0,0,0,0
That is a absolutely lovely job,0,0,0,0,0,0
This is damn wicked,0,0,1,0,0,0
This is freaking sick,0,0,0,0,0,0
She is a total monster on the guitar,0,0,0,0,0,0
This is totally excellent,0,0,0,0,0,0
Just bloody lovely,0,0,1,0,0,0
totally best idea,0,0,0,0,0,0
d.i.c.k,1,0,1,0,1,0
b.i.t.c.h,1,0,1,0,1,0
This is hella awesome,0,0,1,0,0,0
You bring so much joy when you leave the room,1,0,0,0,1,0
This is hella best,0,0,1,0,0,0
fucking cool code,0,0,1,0,0,0
hella nice idea,0,0,1,0,0,0
That is fucking cool,0,0,1,0,0,0
He is a demon on gaming,0,0,0,0,0,0
You bring so much joy when you leave the room,1,0,0,0,1,0
damn best job,0,0,1,0,0,0
That is a totally perfect code,0,0,0,0,0,0
He is a legend with cooking,0,0,0,0,0,0
moron,1,0,0,0,1,0
He is a demon on designing,0,0,0,0,0,0
totally talented idea,0,0,0,0,0,0
That is a fucking amazing job,0,0,1,0,0,0
freaking wicked job,0,0,0,0,0,0
That is a really sick idea,0,0,0,0,0,0
I absolutely hate cold coffee,0,0,0,0,0,0
This is really incredible,0,0,0,0,0,0
That is a damn cool song,0,0,1,0,0,0
totally funny job,0,0,0,0,0,0
You represent f a g g o t,1,0,1,0,1,0
absolutely superb art,0,0,0,0,0,0
This is absolutely good,0,0,0,0,0,0
Honestly fucking good,0,0,1,0,0,0
You are a demon on solving problems,0,0,0,0,0,0
That is a fucking incredible idea,0,0,1,0,0,0
You are a demon at football,0,0,0,0,0,0
That is a absolutely smart art,0,0,0,0,0,0
That is a hella perfect song,0,0,1,0,0,0
Honestly really cool,0,0,0,0,0,0
She is a total demon on football,0,0,0,0,0,0
That is a totally talented song,0,0,0,0,0,0
Somewhere a tree is working hard to replace the oxygen you waste,1,0,0,0,1,0
You are totally superb,0,0,0,0,0,0
You represent @$$h01e,1,0,1,0,1,0
He is a demon at python,0,0,0,0,0,0
totally amazing performance,0,0,0,0,0,0
Truly hella good,0,0,1,0,0,0
That is a really nice job,0,0,0,0,0,0
You represent f.u.c.k,1,0,1,0,1,0
This is damn dope,0,0,1,0,0,0
Honestly totally superb,0,0,0,0,0,0
That is really spectacular,0,0,0,0,0,0
He is a legend at cooking,0,0,0,0,0,0
He is a machine at coding,0,0,0,0,0,0
You are absolutely cool,0,0,0,0,0,0
really lovely song,0,0,0,0,0,0
This is freaking dope,0,0,0,0,0,0
You are damn good,0,0,1,0,0,0
He is a beast on the guitar,0,0,0,0,0,0
This is really lovely,0,0,0,0,0,0
absolutely brilliant song,0,0,0,0,0,0
This is hella fantastic,0,0,1,0,0,0
This is freaking amazing,0,0,0,0,0,0
hella magnificent song,0,0,1,0,0,0
It was bloody great,0,0,1,0,0,0
He is a killer at solving problems,0,0,0,0,0,0
Honestly totally excellent,0,0,0,0,0,0
That is a totally fantastic job,0,0,0,0,0,0
That is a bloody best performance,0,0,1,0,0,0
You are impossible to underestimate,1,0,0,0,1,0
That is a hella legendary song,0,0,1,0,0,0
It was hella brilliant,0,0,1,0,0,0
Just fucking legendary,0,0,1,0,0,0
Truly bloody fantastic,0,0,1,0,0,0
He is a legend at chess,0,0,0,0,0,0
That is damn excellent,0,0,1,0,0,0
That is a really genius design,0,0,0,0,0,0
He is a machine on the piano,0,0,0,0,0,0
You are freaking legendary,0,0,0,0,0,0
She is a total legend at python,0,0,0,0,0,0
He is a legend at the guitar,0,0,0,0,0,0
She is a total beast at python,0,0,0,0,0,0
This is freaking spectacular,0,0,0,0,0,0
That is a hella legendary code,0,0,1,0,0,0
bloody cool job,0,0,1,0,0,0
hella beautiful performance,0,0,1,0,0,0
absolutely awesome idea,0,0,0,0,0,0
That is a freaking dope performance,0,0,0,0,0,0
whore,1,0,1,0,1,0
It was really wonderful,0,0,0,0,0,0
This is totally incredible,0,0,0,0,0,0
That is really legendary,0,0,0,0,0,0
You are a monster on coding,0,0,0,0,0,0
damn dope work,0,0,1,0,0,0
That is a really beautiful game,0,0,0,0,0,0
b.i.t.c.h,1,0,1,0,1,0
totally excellent game,0,0,0,0,0,0
bloody dope code,0,0,1,0,0,0
He is a machine with everything,0,0,0,0,0,0
absolutely incredible idea,0,0,0,0,0,0
That is a bloody lovely performance,0,0,1,0,0,0
You are hella awesome,0,0,1,0,0,0
You are the reason instructions are written on shampoo bottles,1,0,0,0,1,0
Just bloody spectacular,0,0,1,0,0,0
really magnificent design,0,0,0,0,0,0
That is a hella genius art,0,0,1,0,0,0
You are a monster on the piano,0,0,0,0,0,0
You are a demon at cooking,0,0,0,0,0,0
absolutely best movie,0,0,0,0,0,0
You are a beast on cooking,0,0,0,0,0,0
Truly damn perfect,0,0,1,0,0,0
That is a freaking brilliant job,0,0,0,0,0,0
really lovely work,0,0,0,0,0,0
This is hella nice,0,0,1,0,0,0
hella best game,0,0,1,0,0,0
That is really wicked,0,0,0,0,0,0
Just bloody superb,0,0,1,0,0,0
It was really fantastic,0,0,0,0,0,0
You represent f@gg0+,1,0,1,0,1,0
That is a fucking incredible song,0,0,1,0,0,0
You are a machine at gaming,0,0,0,0,0,0
She is a total killer at everything,0,0,0,0,0,0
You are fucking fantastic,0,0,1,0,0,0
totally legendary performance,0,0,0,0,0,0
Truly absolutely funny,0,0,0,0,0,0
That is a really talented design,0,0,0,0,0,0
You have the perfect face for radio,1,0,0,0,1,0
You are damn genius,0,0,1,0,0,0
Just freaking brilliant,0,0,0,0,0,0
absolutely best job,0,0,0,0,0,0
That is a really incredible art,0,0,0,0,0,0
That is a hella incredible code,0,0,1,0,0,0
You are a legend with solving problems,0,0,0,0,0,0
You are bloody awesome,0,0,1,0,0,0
She is a total wizard at chess,0,0,0,0,0,0
It was freaking great,0,0,0,0,0,0
That is a really incredible code,0,0,0,0,0,0
idiot,1,0,0,0,1,0
absolutely wicked movie,0,0,0,0,0,0
He is a machine with chess,0,0,0,0,0,0
freaking brilliant performance,0,0,0,0,0,0
That is a hella sick game,0,0,1,0,0,0
b.i.t.c.h,1,0,1,0,1,0
This is absolutely brilliant,0,0,0,0,0,0
gtfo,1,0,1,0,0,0
He is a killer with cooking,0,0,0,0,0,0
fucking sick game,0,0,1,0,0,0
That is a really nice design,0,0,0,0,0,0
You are fucking funny,0,0,1,0,0,0
He is a legend on solving problems,0,0,0,0,0,0
God is so unfair to take away your intelligence,1,0,0,0,1,0
Truly hella perfect,0,0,1,0,0,0
freaking smart job,0,0,0,0,0,0
You are a wizard on football,0,0,0,0,0,0
That is a bloody best movie,0,0,1,0,0,0
He is a monster at everything,0,0,0,0,0,0
She is a total killer on coding,0,0,0,0,0,0
You represent fv(|<,1,0,1,0,1,0
You are a beast with coding,0,0,0,0,0,0
really spectacular game,0,0,0,0,0,0
Just absolutely wicked,0,0,0,0,0,0
really beautiful movie,0,0,0,0,0,0
f.a.g.g.o.t,1,0,1,0,1,0
You are a legend with gaming,0,0,0,0,0,0
hella perfect code,0,0,1,0,0,0
loser,1,0,0,0,1,0
That is freaking fantastic,0,0,0,0,0,0
You are fucking smart,0,0,1,0,0,0
freaking funny performance,0,0,0,0,0,0
He is a monster on solving problems,0,0,0,0,0,0
I'd agree with you but then we'd both be wrong,1,0,0,0,1,0
Honestly really smart,0,0,0,0,0,0
Truly absolutely dope,0,0,0,0,0,0
That is hella excellent,0,0,1,0,0,0
That is a freaking dope code,0,0,0,0,0,0
That is a really spectacular movie,0,0,0,0,0,0
fucking beautiful performance,0,0,1,0,0,0
Your birth certificate is an apology letter from the condom factory,1,0,0,0,1,0
You are really talented,0,0,0,0,0,0
Truly damn beautiful,0,0,1,0,0,0
bloody brilliant code,0,0,1,0,0,0
You are a monster with everything,0,0,0,0,0,0
hella incredible work,0,0,1,0,0,0
really genius work,0,0,0,0,0,0
absolutely smart code,0,0,0,0,0,0
whore,1,0,1,0,1,0
Truly fucking lovely,0,0,1,0,0,0
That is a really perfect job,0,0,0,0,0,0
That is a really great art,0,0,0,0,0,0
That is a freaking genius game,0,0,0,0,0,0
It was fucking smart,0,0,1,0,0,0
It was damn superb,0,0,1,0,0,0
This is really wicked,0,0,0,0,0,0
God is so unfair to take away your intelligence,1,0,0,0,1,0
That is damn lovely,0,0,1,0,0,0
That is hella awesome,0,0,1,0,0,0
That is a fucking great job,0,0,1,0,0,0
This is damn great,0,0,1,0,0,0
That is a fucking spectacular design,0,0,1,0,0,0
It was damn genius,0,0,1,0,0,0
Your birth certificate is an apology letter from the condom factory,1,0,0,0,1,0
It was absolutely smart,0,0,0,0,0,0
This is bloody talented,0,0,1,0,0,0
That is a freaking magnificent song,0,0,0,0,0,0
That is a hella perfect game,0,0,1,0,0,0
I envy people who have not met you,1,0,0,0,1,0
totally funny design,0,0,0,0,0,0
This is hella excellent,0,0,1,0,0,0
Honestly freaking perfect,0,0,0,0,0,0
Honestly totally great,0,0,0,0,0,0
freaking lovely song,0,0,0,0,0,0
That is a absolutely nice game,0,0,0,0,0,0
This is damn legendary,0,0,1,0,0,0
It was fucking perfect,0,0,1,0,0,0
freaking perfect song,0,0,0,0,0,0
It was absolutely awesome,0,0,0,0,0,0
bloody good performance,0,0,1,0,0,0
Truly really genius,0,0,0,0,0,0
Honestly hella sick,0,0,1,0,0,0
Truly freaking cool,0,0,0,0,0,0
Just absolutely sick,0,0,0,0,0,0
fucking great game,0,0,1,0,0,0
damn spectacular game,0,0,1,0,0,0
That is a really lovely art,0,0,0,0,0,0
You are fucking amazing,0,0,1,0,0,0
That is fucking fantastic,0,0,1,0,0,0
It was really excellent,0,0,0,0,0,0
Honestly damn brilliant,0,0,1,0,0,0
Honestly totally sick,0,0,0,0,0,0
Honestly fucking amazing,0,0,1,0,0,0
bloody dope design,0,0,1,0,0,0
This is bloody fantastic,0,0,1,0,0,0
Just hella legendary,0,0,1,0,0,0
This is fucking superb,0,0,1,0,0,0
Truly bloody superb,0,0,1,0,0,0
This is hella legendary,0,0,1,0,0,0
Truly fucking wonderful,0,0,1,0,0,0
Honestly absolutely dope,0,0,0,0,0,0
Honestly damn smart,0,0,1,0,0,0
Honestly bloody smart,0,0,1,0,0,0
Truly absolutely talented,0,0,0,0,0,0
You are a monster with python,0,0,0,0,0,0
Honestly freaking cool,0,0,0,0,0,0
It was hella superb,0,0,1,0,0,0
She is a total wizard on python,0,0,0,0,0,0
She is a total killer on solving problems,0,0,0,0,0,0
absolutely smart art,0,0,0,0,0,0
This is totally wicked,0,0,0,0,0,0
It was hella dope,0,0,1,0,0,0
absolutely fantastic design,0,0,0,0,0,0
freaking beautiful idea,0,0,0,0,0,0
That is a freaking smart job,0,0,0,0,0,0
retard,1,0,1,0,1,0
Just hella lovely,0,0,1,0,0,0
Truly absolutely incredible,0,0,0,0,0,0
I envy people who have not met you,1,0,0,0,1,0
Truly freaking brilliant,0,0,0,0,0,0
totally legendary game,0,0,0,0,0,0
He is a demon on solving problems,0,0,0,0,0,0
Just really beautiful,0,0,0,0,0,0
"I forgot the world revolves around you, my apologies",1,0,0,0,1,0
This is hella perfect,0,0,1,0,0,0
really wonderful work,0,0,0,0,0,0
She is a total killer on everything,0,0,0,0,0,0
That is a really excellent idea,0,0,0,0,0,0
You are totally sick,0,0,0,0,0,0
That is a freaking awesome movie,0,0,0,0,0,0
That is absolutely magnificent,0,0,0,0,0,0
Honestly freaking best,0,0,0,0,0,0
"I forgot the world revolves around you, my apologies",1,0,0,0,1,0
That is hella talented,0,0,1,0,0,0
She is a total beast with football,0,0,0,0,0,0
That is a absolutely brilliant job,0,0,0,0,0,0
It was absolutely superb,0,0,0,0,0,0
Wisdom has been chasing you but you have always been faster,1,0,0,0,1,0
He is a machine on everything,0,0,0,0,0,0
You are the reason instructions are written on shampoo bottles,1,0,0,0,1,0
damn perfect movie,0,0,1,0,0,0
God is so unfair to take away your intelligence,1,0,0,0,1,0
That is a freaking superb job,0,0,0,0,0,0
That is a fucking great idea,0,0,1,0,0,0
That is a hella good performance,0,0,1,0,0,0
really legendary idea,0,0,0,0,0,0
That is a bloody smart movie,0,0,1,0,0,0
I'd agree with you but then we'd both be wrong,1,0,0,0,1,0
Honestly fucking superb,0,0,1,0,0,0
fucking excellent work,0,0,1,0,0,0
"Keep rolling your eyes, maybe you'll find a brain back there",1,0,0,0,1,0
Just freaking smart,0,0,0,0,0,0
really smart code,0,0,0,0,0,0
totally best work,0,0,0,0,0,0
He is a beast on cooking,0,0,0,0,0,0
Honestly hella awesome,0,0,1,0,0,0
Just damn great,0,0,1,0,0,0
That is a absolutely genius song,0,0,0,0,0,0
Truly fucking incredible,0,0,1,0,0,0
He is a killer with everything,0,0,0,0,0,0
That is a really dope movie,0,0,0,0,0,0
Truly bloody wicked,0,0,1,0,0,0
You are freaking awesome,0,0,0,0,0,0
That is a really wonderful work,0,0,0,0,0,0
I'd agree with you but then we'd both be wrong,1,0,0,0,1,0
Your birth certificate is an apology letter from the condom factory,1,0,0,0,1,0
This is really funny,0,0,0,0,0,0
damn excellent idea,0,0,1,0,0,0
That is a freaking sick design,0,0,0,0,0,0
Honestly bloody sick,0,0,1,0,0,0
Honestly totally good,0,0,0,0,0,0
He is a legend with the guitar,0,0,0,0,0,0
"Please try thinking, it's not illegal yet",1,0,0,0,1,0
It was absolutely genius,0,0,0,0,0,0
You are a waste of space and time,1,0,0,0,1,0
Just totally smart,0,0,0,0,0,0
Wisdom has been chasing you but you have always been faster,1,0,0,0,1,0
Truly really fantastic,0,0,0,0,0,0
hella superb art,0,0,1,0,0,0
Truly absolutely superb,0,0,0,0,0,0
That is bloody fantastic,0,0,1,0,0,0
That is a freaking sick song,0,0,0,0,0,0
That is a bloody nice design,0,0,1,0,0,0
You are bloody perfect,0,0,1,0,0,0
bloody awesome movie,0,0,1,0,0,0
That is a freaking excellent job,0,0,0,0,0,0
absolutely magnificent song,0,0,0,0,0,0
She is a total legend on chess,0,0,0,0,0,0
That is a absolutely incredible idea,0,0,0,0,0,0
That is fucking sick,0,0,1,0,0,0
loser,1,0,0,0,1,0
totally best game,0,0,0,0,0,0
It was really dope,0,0,0,0,0,0
She is a total legend at football,0,0,0,0,0,0
Just fucking awesome,0,0,1,0,0,0
damn brilliant performance,0,0,1,0,0,0
That is a damn good performance,0,0,1,0,0,0
Truly damn genius,0,0,1,0,0,0
fucking brilliant design,0,0,1,0,0,0
That is a damn spectacular job,0,0,1,0,0,0
That is fucking talented,0,0,1,0,0,0
That is a absolutely nice design,0,0,0,0,0,0
"I forgot the world revolves around you, my apologies",1,0,0,0,1,0
That is freaking amazing,0,0,0,0,0,0
That is really nice,0,0,0,0,0,0
damn perfect performance,0,0,1,0,0,0
That is really smart,0,0,0,0,0,0
Truly freaking amazing,0,0,0,0,0,0
That is absolutely genius,0,0,0,0,0,0
bloody spectacular game,0,0,1,0,0,0
Just fucking funny,0,0,1,0,0,0
He is a beast with everything,0,0,0,0,0,0
That is a absolutely talented art,0,0,0,0,0,0
Just hella great,0,0,1,0,0,0
It was hella good,0,0,1,0,0,0
That is a hella great design,0,0,1,0,0,0
That is really excellent,0,0,0,0,0,0
That is really wonderful,0,0,0,0,0,0
You are a legend with cooking,0,0,0,0,0,0
That is a totally incredible idea,0,0,0,0,0,0
hella spectacular code,0,0,1,0,0,0
That is a damn good job,0,0,1,0,0,0
You are a wizard on python,0,0,0,0,0,0
totally incredible game,0,0,0,0,0,0
This is really wonderful,0,0,0,0,0,0
This is damn wonderful,0,0,1,0,0,0
damn superb art,0,0,1,0,0,0
She is a total legend with chess,0,0,0,0,0,0
That is a really magnificent performance,0,0,0,0,0,0
totally beautiful job,0,0,0,0,0,0
That is a fucking best performance,0,0,1,0,0,0
really amazing movie,0,0,0,0,0,0
Just absolutely dope,0,0,0,0,0,0
bloody brilliant design,0,0,1,0,0,0
You represent f u c k,1,0,1,0,1,0
damn smart movie,0,0,1,0,0,0
That is a really nice art,0,0,0,0,0,0
She is a total machine with everything,0,0,0,0,0,0
She is a total demon with football,0,0,0,0,0,0
He is a demon with coding,0,0,0,0,0,0
Truly hella legendary,0,0,1,0,0,0
totally brilliant movie,0,0,0,0,0,0
You are a beast at everything,0,0,0,0,0,0
absolutely beautiful movie,0,0,0,0,0,0
She is a total killer at python,0,0,0,0,0,0
You are fucking lovely,0,0,1,0,0,0
That is a hella amazing song,0,0,1,0,0,0
Honestly really dope,0,0,0,0,0,0
totally nice song,0,0,0,0,0,0
She is a total legend with the piano,0,0,0,0,0,0
Truly freaking excellent,0,0,0,0,0,0
That is really genius,0,0,0,0,0,0
That is a hella talented performance,0,0,1,0,0,0
That is a freaking fantastic code,0,0,0,0,0,0
It was freaking excellent,0,0,0,0,0,0
That is a really wicked movie,0,0,0,0,0,0
That is a really sick art,0,0,0,0,0,0
You are a machine on chess,0,0,0,0,0,0
It was bloody wicked,0,0,1,0,0,0
Truly totally best,0,0,0,0,0,0
This is totally cool,0,0,0,0,0,0
That is a absolutely wonderful job,0,0,0,0,0,0
really incredible performance,0,0,0,0,0,0
totally brilliant design,0,0,0,0,0,0
fucking dope work,0,0,1,0,0,0
That is a fucking superb idea,0,0,1,0,0,0
bloody wonderful idea,0,0,1,0,0,0
This is really beautiful,0,0,0,0,0,0
He is a machine at gaming,0,0,0,0,0,0
Truly damn funny,0,0,1,0,0,0
That is a really legendary movie,0,0,0,0,0,0
You are damn wonderful,0,0,1,0,0,0
It was fucking beautiful,0,0,1,0,0,0
freaking genius art,0,0,0,0,0,0
That is a totally dope design,0,0,0,0,0,0
really funny idea,0,0,0,0,0,0
really great movie,0,0,0,0,0,0
That is a damn best movie,0,0,1,0,0,0
You are the reason instructions are written on shampoo bottles,1,0,0,0,1,0
That is a really talented performance,0,0,0,0,0,0
Truly absolutely lovely,0,0,0,0,0,0
You are a waste of space and time,1,0,0,0,1,0
freaking perfect job,0,0,0,0,0,0
freaking dope performance,0,0,0,0,0,0
It was absolutely nice,0,0,0,0,0,0
That is really best,0,0,0,0,0,0
That is a fucking wicked job,0,0,1,0,0,0
You are fucking dope,0,0,1,0,0,0
You have the perfect face for radio,1,0,0,0,1,0
This is really legendary,0,0,0,0,0,0
That is a freaking cool work,0,0,0,0,0,0
I would explain it to you but I don't have any crayons,1,0,0,0,1,0
She is a total wizard with the guitar,0,0,0,0,0,0
God is so unfair to take away your intelligence,1,0,0,0,1,0
fucking spectacular design,0,0,1,0,0,0
Just hella awesome,0,0,1,0,0,0
That is a totally lovely song,0,0,0,0,0,0
That is a really great movie,0,0,0,0,0,0
I would explain it to you but I don't have any crayons,1,0,0,0,1,0
That is a damn cool performance,0,0,1,0,0,0
Honestly absolutely talented,0,0,0,0,0,0
fucking amazing job,0,0,1,0,0,0
That is a really spectacular game,0,0,0,0,0,0
Honestly really incredible,0,0,0,0,0,0
That is a fucking beautiful job,0,0,1,0,0,0
I'd agree with you but then we'd both be wrong,1,0,0,0,1,0
Honestly freaking talented,0,0,0,0,0,0
Truly absolutely wicked,0,0,0,0,0,0
Just bloody fantastic,0,0,1,0,0,0
Somewhere a tree is working hard to replace the oxygen you waste,1,0,0,0,1,0
That is hella funny,0,0,1,0,0,0
She is a total demon at the piano,0,0,0,0,0,0
He is a legend with the piano,0,0,0,0,0,0
This is absolutely spectacular,0,0,0,0,0,0
damn great job,0,0,1,0,0,0
Just absolutely magnificent,0,0,0,0,0,0
You have the perfect face for radio,1,0,0,0,1,0
You are not pretty enough to be this stupid,1,0,0,0,1,0
Honestly bloody talented,0,0,1,0,0,0
That is a damn superb art,0,0,1,0,0,0
This is totally brilliant,0,0,0,0,0,0
That is a fucking cool movie,0,0,1,0,0,0
That is a absolutely beautiful job,0,0,0,0,0,0
Honestly absolutely spectacular,0,0,0,0,0,0
freaking fantastic art,0,0,0,0,0,0
That is a damn brilliant job,0,0,1,0,0,0
absolutely great game,0,0,0,0,0,0
That is a totally talented work,0,0,0,0,0,0
She is a total beast with python,0,0,0,0,0,0
freaking incredible work,0,0,0,0,0,0
He is a beast on chess,0,0,0,0,0,0
Your birth certificate is an apology letter from the condom factory,1,0,0,0,1,0
You are totally cool,0,0,0,0,0,0
Just bloody wicked,0,0,1,0,0,0
He is a killer on everything,0,0,0,0,0,0
That is bloody wicked,0,0,1,0,0,0
slut,1,0,1,0,1,0
That is a totally best work,0,0,0,0,0,0
absolutely sick song,0,0,0,0,0,0
I envy people who have not met you,1,0,0,0,1,0
really incredible design,0,0,0,0,0,0
s h i t,1,0,1,0,1,0
That is a really cool performance,0,0,0,0,0,0
That is a fucking incredible design,0,0,1,0,0,0
That is a bloody fantastic movie,0,0,1,0,0,0
That is a damn dope game,0,0,1,0,0,0
"Please try thinking, it's not illegal yet",1,0,0,0,1,0
That is a freaking beautiful song,0,0,0,0,0,0
Truly bloody sick,0,0,1,0,0,0
That is a damn fantastic song,0,0,1,0,0,0
really beautiful game,0,0,0,0,0,0
That is a totally fantastic song,0,0,0,0,0,0
really superb job,0,0,0,0,0,0
That is a freaking great design,0,0,0,0,0,0
Just bloody brilliant,0,0,1,0,0,0
That is a damn awesome idea,0,0,1,0,0,0
You have a very large brain for someone who doesn't use it,1,0,0,0,1,0
She is a total monster on the piano,0,0,0,0,0,0
"If laughter is the best medicine, your face must be curing the world",1,0,0,0,1,0
You are a killer with coding,0,0,0,0,0,0
You are a legend with designing,0,0,0,0,0,0
He is a beast on python,0,0,0,0,0,0
damn best song,0,0,1,0,0,0
You are proof that evolution can go in reverse,1,0,0,0,1,0
That is a hella brilliant movie,0,0,1,0,0,0
This is absolutely sick,0,0,0,0,0,0
really good code,0,0,0,0,0,0
You are a killer on chess,0,0,0,0,0,0
totally lovely performance,0,0,0,0,0,0
really great art,0,0,0,0,0,0
That is bloody smart,0,0,1,0,0,0
That is a freaking brilliant design,0,0,0,0,0,0
That is a damn fantastic art,0,0,1,0,0,0
Just freaking wicked,0,0,0,0,0,0
damn fantastic job,0,0,1,0,0,0
You represent n.i.g.g.e.r,1,0,1,0,1,0
That is really lovely,0,0,0,0,0,0
This is freaking incredible,0,0,0,0,0,0
He is a monster with coding,0,0,0,0,0,0
That is a hella spectacular idea,0,0,1,0,0,0
totally superb performance,0,0,0,0,0,0
Truly freaking best,0,0,0,0,0,0
bloody sick idea,0,0,1,0,0,0
That is a absolutely good idea,0,0,0,0,0,0
totally amazing game,0,0,0,0,0,0
bloody funny design,0,0,1,0,0,0
Just freaking best,0,0,0,0,0,0
Truly totally genius,0,0,0,0,0,0
Just totally talented,0,0,0,0,0,0
That is a hella cool movie,0,0,1,0,0,0
Honestly bloody great,0,0,1,0,0,0
damn genius song,0,0,1,0,0,0
This is bloody smart,0,0,1,0,0,0
That is a totally best design,0,0,0,0,0,0
absolutely legendary game,0,0,0,0,0,0
Honestly really legendary,0,0,0,0,0,0
You are bloody superb,0,0,1,0,0,0
That is a absolutely amazing art,0,0,0,0,0,0
That is a bloody smart song,0,0,1,0,0,0
That is a totally spectacular design,0,0,0,0,0,0
You are a beast with python,0,0,0,0,0,0
That is a absolutely sick performance,0,0,0,0,0,0
That is a totally lovely game,0,0,0,0,0,0
fucking lovely job,0,0,1,0,0,0
She is a total beast at the piano,0,0,0,0,0,0
Truly absolutely spectacular,0,0,0,0,0,0
damn best game,0,0,1,0,0,0
really great idea,0,0,0,0,0,0
hella smart game,0,0,1,0,0,0
I envy people who have not met you,1,0,0,0,1,0
That is a fucking dope code,0,0,1,0,0,0
loser,1,0,0,0,1,0
Just freaking good,0,0,0,0,0,0
"Keep rolling your eyes, maybe you'll find a brain back there",1,0,0,0,1,0
damn nice idea,0,0,1,0,0,0
She is a total machine at coding,0,0,0,0,0,0
Honestly absolutely cool,0,0,0,0,0,0
That is a hella lovely song,0,0,1,0,0,0
She is a total demon at gaming,0,0,0,0,0,0
Honestly totally legendary,0,0,0,0,0,0
He is a wizard at coding,0,0,0,0,0,0
She is a total legend with python,0,0,0,0,0,0
I would explain it to you but I don't have any crayons,1,0,0,0,1,0
really wicked idea,0,0,0,0,0,0
That is a freaking genius movie,0,0,0,0,0,0
He is a legend on chess,0,0,0,0,0,0
That is a bloody best code,0,0,1,0,0,0
That is a absolutely spectacular job,0,0,0,0,0,0
absolutely wicked game,0,0,0,0,0,0
hella smart performance,0,0,1,0,0,0
You are a killer at cooking,0,0,0,0,0,0
Honestly damn wonderful,0,0,1,0,0,0
It was absolutely wonderful,0,0,0,0,0,0
totally smart game,0,0,0,0,0,0
damn genius idea,0,0,1,0,0,0
That is a fucking wicked art,0,0,1,0,0,0
That is a totally lovely design,0,0,0,0,0,0
That is a freaking wonderful performance,0,0,0,0,0,0
That is a damn dope performance,0,0,1,0,0,0
That is a totally beautiful job,0,0,0,0,0,0
He is a machine at everything,0,0,0,0,0,0
Honestly damn perfect,0,0,1,0,0,0
That is a fucking great work,0,0,1,0,0,0
Truly fucking legendary,0,0,1,0,0,0
totally fantastic work,0,0,0,0,0,0
That is freaking cool,0,0,0,0,0,0
You represent f a g g o t,1,0,1,0,1,0
You are proof that evolution can go in reverse,1,0,0,0,1,0
It was absolutely funny,0,0,0,0,0,0
You represent (vn+,1,0,1,0,1,0
That is a really funny idea,0,0,0,0,0,0
That is damn smart,0,0,1,0,0,0
That is hella sick,0,0,1,0,0,0
You are a machine at designing,0,0,0,0,0,0
That is totally cool,0,0,0,0,0,0
You are a legend on everything,0,0,0,0,0,0
It was hella best,0,0,1,0,0,0
bloody superb job,0,0,1,0,0,0
She is a total wizard on solving problems,0,0,0,0,0,0
You are a killer on cooking,0,0,0,0,0,0
That is a absolutely lovely design,0,0,0,0,0,0
She is a total machine on python,0,0,0,0,0,0
freaking genius song,0,0,0,0,0,0
That is hella beautiful,0,0,1,0,0,0
He is a monster with solving problems,0,0,0,0,0,0
You have a very large brain for someone who doesn't use it,1,0,0,0,1,0
freaking wicked art,0,0,0,0,0,0
Just damn legendary,0,0,1,0,0,0
You are a killer with everything,0,0,0,0,0,0
bloody brilliant idea,0,0,1,0,0,0
Honestly fucking funny,0,0,1,0,0,0
This is absolutely best,0,0,0,0,0,0
Just totally good,0,0,0,0,0,0
Just freaking fantastic,0,0,0,0,0,0
You are bloody nice,0,0,1,0,0,0
That is a absolutely wonderful work,0,0,0,0,0,0
Just freaking cool,0,0,0,0,0,0
That is hella smart,0,0,1,0,0,0
She is a total monster with cooking,0,0,0,0,0,0
totally wonderful game,0,0,0,0,0,0
You have a very large brain for someone who doesn't use it,1,0,0,0,1,0
really smart design,0,0,0,0,0,0
$h1+,1,0,1,0,1,0
That is a freaking cool performance,0,0,0,0,0,0
hella talented job,0,0,1,0,0,0
Just hella good,0,0,1,0,0,0
absolutely wicked idea,0,0,0,0,0,0
This is totally fantastic,0,0,0,0,0,0
Honestly really wicked,0,0,0,0,0,0
totally incredible job,0,0,0,0,0,0
I really hate the weather,0,0,0,0,0,0
She is a total machine with solving problems,0,0,0,0,0,0
That is totally funny,0,0,0,0,0,0
Honestly absolutely magnificent,0,0,0,0,0,0
He is a killer on designing,0,0,0,0,0,0
Honestly freaking wicked,0,0,0,0,0,0
Your birth certificate is an apology letter from the condom factory,1,0,0,0,1,0
totally lovely code,0,0,0,0,0,0
That is a hella great performance,0,0,1,0,0,0
damn magnificent song,0,0,1,0,0,0
That is freaking spectacular,0,0,0,0,0,0
He is a legend at the piano,0,0,0,0,0,0
Truly totally smart,0,0,0,0,0,0
You are a monster at designing,0,0,0,0,0,0
This is damn lovely,0,0,1,0,0,0
absolutely best performance,0,0,0,0,0,0
That is a damn fantastic code,0,0,1,0,0,0
bloody wonderful movie,0,0,1,0,0,0
freaking dope song,0,0,0,0,0,0
That is bloody nice,0,0,1,0,0,0
That is a really perfect code,0,0,0,0,0,0
That is a bloody talented game,0,0,1,0,0,0
That is absolutely best,0,0,0,0,0,0
That is a fucking great song,0,0,1,0,0,0
It was damn talented,0,0,1,0,0,0
You represent n i g g e r,1,0,1,0,1,0
You are a monster at the piano,0,0,0,0,0,0
Truly damn wicked,0,0,1,0,0,0
fucking great code,0,0,1,0,0,0
gtfo,1,0,1,0,0,0
kys,1,0,0,1,0,0
Honestly damn spectacular,0,0,1,0,0,0
You bring so much joy when you leave the room,1,0,0,0,1,0
He is a legend with solving problems,0,0,0,0,0,0
bloody lovely performance,0,0,1,0,0,0
bloody awesome idea,0,0,1,0,0,0
Truly fucking amazing,0,0,1,0,0,0
That is a totally excellent song,0,0,0,0,0,0
totally incredible design,0,0,0,0,0,0
Truly absolutely fantastic,0,0,0,0,0,0
It was hella smart,0,0,1,0,0,0
He is a wizard at football,0,0,0,0,0,0
really amazing idea,0,0,0,0,0,0
That is a bloody talented work,0,0,1,0,0,0
Truly totally beautiful,0,0,0,0,0,0
Honestly damn magnificent,0,0,1,0,0,0
She is a total demon at python,0,0,0,0,0,0
She is a total monster with python,0,0,0,0,0,0
This is a killer app,0,0,0,0,0,0
That is a damn legendary idea,0,0,1,0,0,0
That is a really wonderful code,0,0,0,0,0,0
absolutely perfect song,0,0,0,0,0,0
bloody smart song,0,0,1,0,0,0
That is a bloody incredible song,0,0,1,0,0,0
absolutely great movie,0,0,0,0,0,0
She is a total demon with solving problems,0,0,0,0,0,0
hella perfect work,0,0,1,0,0,0
He is a legend with coding,0,0,0,0,0,0
You are a legend with python,0,0,0,0,0,0
absolutely dope performance,0,0,0,0,0,0
damn good performance,0,0,1,0,0,0
It was hella genius,0,0,1,0,0,0
That is a really incredible job,0,0,0,0,0,0
damn great idea,0,0,1,0,0,0
That is absolutely wonderful,0,0,0,0,0,0
You are not pretty enough to be this stupid,1,0,0,0,1,0
totally nice job,0,0,0,0,0,0
You are damn cool,0,0,1,0,0,0
She is a total legend at the guitar,0,0,0,0,0,0
You are freaking lovely,0,0,0,0,0,0
That is a hella cool work,0,0,1,0,0,0
This is fucking magnificent,0,0,1,0,0,0
That is a totally awesome movie,0,0,0,0,0,0
That is a freaking wicked performance,0,0,0,0,0,0
absolutely funny idea,0,0,0,0,0,0
f a g g o t,1,0,1,0,1,0
He is a wizard at gaming,0,0,0,0,0,0
absolutely lovely song,0,0,0,0,0,0
Honestly really nice,0,0,0,0,0,0
That is damn magnificent,0,0,1,0,0,0
Truly really great,0,0,0,0,0,0
That is a really smart job,0,0,0,0,0,0
Just fucking incredible,0,0,1,0,0,0
Just totally sick,0,0,0,0,0,0
totally talented job,0,0,0,0,0,0
c u n t,1,0,1,0,1,0
It was absolutely legendary,0,0,0,0,0,0
It was bloody lovely,0,0,1,0,0,0
You are hella incredible,0,0,1,0,0,0
That is a fucking nice design,0,0,1,0,0,0
That is a bloody genius code,0,0,1,0,0,0
That is a damn beautiful game,0,0,1,0,0,0
gtfo,1,0,1,0,0,0
That is a damn nice art,0,0,1,0,0,0
I'd agree with you but then we'd both be wrong,1,0,0,0,1,0
That is a fucking genius code,0,0,1,0,0,0
That is totally wicked,0,0,0,0,0,0
whore,1,0,1,0,1,0
This is bloody superb,0,0,1,0,0,0
Truly hella dope,0,0,1,0,0,0
(vn+,1,0,1,0,1,0
That is a bloody superb design,0,0,1,0,0,0
That is a hella funny art,0,0,1,0,0,0
You are hella brilliant,0,0,1,0,0,0
That is a bloody dope work,0,0,1,0,0,0
That is a fucking amazing art,0,0,1,0,0,0
totally incredible movie,0,0,0,0,0,0
It was damn dope,0,0,1,0,0,0
totally fantastic job,0,0,0,0,0,0
bloody great design,0,0,1,0,0,0
fucking spectacular code,0,0,1,0,0,0
totally smart code,0,0,0,0,0,0
hella talented design,0,0,1,0,0,0
Truly damn lovely,0,0,1,0,0,0
This is totally legendary,0,0,0,0,0,0
Truly freaking legendary,0,0,0,0,0,0
Honestly bloody spectacular,0,0,1,0,0,0
totally legendary song,0,0,0,0,0,0
Just bloody great,0,0,1,0,0,0
absolutely lovely performance,0,0,0,0,0,0
You represent b1+(h,1,0,1,0,1,0
whore,1,0,1,0,1,0
That is a bloody sick idea,0,0,1,0,0,0
That is a freaking beautiful idea,0,0,0,0,0,0
You are a machine on football,0,0,0,0,0,0
freaking awesome idea,0,0,0,0,0,0
You represent b i t c h,1,0,1,0,1,0
fucking magnificent job,0,0,1,0,0,0
He is a legend at designing,0,0,0,0,0,0
That is a bloody great work,0,0,1,0,0,0
He is a demon on the guitar,0,0,0,0,0,0
totally superb movie,0,0,0,0,0,0
You are absolutely talented,0,0,0,0,0,0
You are a demon at everything,0,0,0,0,0,0
You are the reason instructions are written on shampoo bottles,1,0,0,0,1,0
absolutely wicked job,0,0,0,0,0,0
hella awesome code,0,0,1,0,0,0
fucking good game,0,0,1,0,0,0
hella sick movie,0,0,1,0,0,0
totally nice code,0,0,0,0,0,0
Just fucking beautiful,0,0,1,0,0,0
He is a wizard with the guitar,0,0,0,0,0,0
Somewhere a tree is working hard to replace the oxygen you waste,1,0,0,0,1,0
freaking nice job,0,0,0,0,0,0
That is a freaking sick movie,0,0,0,0,0,0
She is a total machine on the guitar,0,0,0,0,0,0
freaking legendary idea,0,0,0,0,0,0
Just totally perfect,0,0,0,0,0,0
kys,1,0,0,1,0,0
That is a bloody talented art,0,0,1,0,0,0
hella fantastic design,0,0,1,0,0,0
That is a freaking wicked idea,0,0,0,0,0,0
Truly totally nice,0,0,0,0,0,0
This is really smart,0,0,0,0,0,0
She is a total legend on the guitar,0,0,0,0,0,0
That is a totally great art,0,0,0,0,0,0
You are a monster with football,0,0,0,0,0,0
really talented art,0,0,0,0,0,0
She is a total beast with the piano,0,0,0,0,0,0
n i g g e r,1,0,1,0,1,0
That is a damn perfect movie,0,0,1,0,0,0
fucking beautiful art,0,0,1,0,0,0
totally funny art,0,0,0,0,0,0
He is a legend at gaming,0,0,0,0,0,0
really good game,0,0,0,0,0,0
c.u.n.t,1,0,1,0,1,0
hella spectacular idea,0,0,1,0,0,0
That is a really superb job,0,0,0,0,0,0
You are absolutely legendary,0,0,0,0,0,0
damn excellent game,0,0,1,0,0,0
That is a really incredible work,0,0,0,0,0,0
really awesome game,0,0,0,0,0,0
It was absolutely cool,0,0,0,0,0,0
totally spectacular performance,0,0,0,0,0,0
That is a fucking lovely work,0,0,1,0,0,0
You are really beautiful,0,0,0,0,0,0
That is a freaking good job,0,0,0,0,0,0
Honestly absolutely wonderful,0,0,0,0,0,0
That is a damn superb job,0,0,1,0,0,0
really good idea,0,0,0,0,0,0
You are hella funny,0,0,1,0,0,0
totally sick work,0,0,0,0,0,0
I'd agree with you but then we'd both be wrong,1,0,0,0,1,0
bloody talented work,0,0,1,0,0,0
totally beautiful design,0,0,0,0,0,0
That is a damn nice design,0,0,1,0,0,0
You are a beast at solving problems,0,0,0,0,0,0
really perfect code,0,0,0,0,0,0
Just fucking perfect,0,0,1,0,0,0
absolutely sick work,0,0,0,0,0,0
hella lovely code,0,0,1,0,0,0
"If laughter is the best medicine, your face must be curing the world",1,0,0,0,1,0
That is damn funny,0,0,1,0,0,0
kys,1,0,0,1,0,0
You are impossible to underestimate,1,0,0,0,1,0
totally wonderful design,0,0,0,0,0,0
fucking perfect game,0,0,1,0,0,0
You are a killer on the piano,0,0,0,0,0,0
That is a really awesome movie,0,0,0,0,0,0
That is a absolutely perfect code,0,0,0,0,0,0
That is a freaking legendary code,0,0,0,0,0,0
You are a killer at designing,0,0,0,0,0,0
damn legendary game,0,0,1,0,0,0
He is a legend on python,0,0,0,0,0,0
really legendary work,0,0,0,0,0,0
damn beautiful game,0,0,1,0,0,0
f a g g o t,1,0,1,0,1,0
That is totally awesome,0,0,0,0,0,0
You are a monster on cooking,0,0,0,0,0,0
freaking cool art,0,0,0,0,0,0
She is a total killer at coding,0,0,0,0,0,0
He is a beast at solving problems,0,0,0,0,0,0
freaking amazing code,0,0,0,0,0,0
That is a really incredible design,0,0,0,0,0,0
She is a total demon at cooking,0,0,0,0,0,0
totally genius idea,0,0,0,0,0,0
You represent a.s.s.h.o.l.e,1,0,1,0,1,0
He is a monster with everything,0,0,0,0,0,0
That is a totally legendary work,0,0,0,0,0,0
really beautiful code,0,0,0,0,0,0
That is a damn superb song,0,0,1,0,0,0
She is a total monster with solving problems,0,0,0,0,0,0
"I forgot the world revolves around you, my apologies",1,0,0,0,1,0
Honestly damn best,0,0,1,0,0,0
Just freaking amazing,0,0,0,0,0,0
It was absolutely good,0,0,0,0,0,0
You are a machine with gaming,0,0,0,0,0,0
freaking awesome performance,0,0,0,0,0,0
That is a hella excellent performance,0,0,1,0,0,0
Honestly totally genius,0,0,0,0,0,0
It was really talented,0,0,0,0,0,0
That is a freaking beautiful work,0,0,0,0,0,0
Just freaking dope,0,0,0,0,0,0
n.i.g.g.e.r,1,0,1,0,1,0
f.a.g.g.o.t,1,0,1,0,1,0
You are a beast with the guitar,0,0,0,0,0,0
Honestly absolutely great,0,0,0,0,0,0
It was totally fantastic,0,0,0,0,0,0
That is freaking smart,0,0,0,0,0,0
absolutely lovely job,0,0,0,0,0,0
Just absolutely awesome,0,0,0,0,0,0
That is a totally magnificent job,0,0,0,0,0,0
totally genius performance,0,0,0,0,0,0
That is a really amazing game,0,0,0,0,0,0
That is bloody superb,0,0,1,0,0,0
It was totally wonderful,0,0,0,0,0,0
Truly freaking wicked,0,0,0,0,0,0
Truly really excellent,0,0,0,0,0,0
You are proof that evolution can go in reverse,1,0,0,0,1,0
Honestly damn lovely,0,0,1,0,0,0
That is a absolutely spectacular movie,0,0,0,0,0,0
Honestly bloody amazing,0,0,1,0,0,0
This is freaking superb,0,0,0,0,0,0
That is fucking spectacular,0,0,1,0,0,0
I really hate ads,0,0,0,0,0,0
This is bloody awesome,0,0,1,0,0,0
kys,1,0,0,1,0,0
That is a damn fantastic work,0,0,1,0,0,0
This is bloody perfect,0,0,1,0,0,0
You are a demon with the piano,0,0,0,0,0,0
It was absolutely great,0,0,0,0,0,0
freaking genius movie,0,0,0,0,0,0
Just absolutely perfect,0,0,0,0,0,0
absolutely lovely work,0,0,0,0,0,0
It was damn sick,0,0,1,0,0,0
You are a beast with everything,0,0,0,0,0,0
This is hella genius,0,0,1,0,0,0
f.u.c.k,1,0,1,0,1,0
That is a totally great song,0,0,0,0,0,0
fucking perfect movie,0,0,1,0,0,0
totally great idea,0,0,0,0,0,0
hella good design,0,0,1,0,0,0
You are a beast at the guitar,0,0,0,0,0,0
I absolutely hate exam,0,0,0,0,0,0
stfu,1,0,1,0,1,0
That is a fucking dope performance,0,0,1,0,0,0
That is a freaking superb work,0,0,0,0,0,0
absolutely great idea,0,0,0,0,0,0
That is a really genius work,0,0,0,0,0,0
hella dope idea,0,0,1,0,0,0
Honestly fucking excellent,0,0,1,0,0,0
He is a wizard on coding,0,0,0,0,0,0
really smart idea,0,0,0,0,0,0
It was damn fantastic,0,0,1,0,0,0
fucking sick design,0,0,1,0,0,0
You are a machine on cooking,0,0,0,0,0,0
Just bloody wonderful,0,0,1,0,0,0
bloody awesome job,0,0,1,0,0,0
fucking funny job,0,0,1,0,0,0
Truly bloody nice,0,0,1,0,0,0
That is a bloody legendary song,0,0,1,0,0,0
You are a demon on gaming,0,0,0,0,0,0
slut,1,0,1,0,1,0
You are totally smart,0,0,0,0,0,0
That is bloody magnificent,0,0,1,0,0,0
really wonderful code,0,0,0,0,0,0
You are a waste of space and time,1,0,0,0,1,0
That is a fucking magnificent job,0,0,1,0,0,0
freaking superb design,0,0,0,0,0,0
You are a demon with everything,0,0,0,0,0,0
absolutely amazing game,0,0,0,0,0,0
He is a killer at the guitar,0,0,0,0,0,0
bloody nice game,0,0,1,0,0,0
totally fantastic game,0,0,0,0,0,0
She is a total wizard with everything,0,0,0,0,0,0
freaking talented job,0,0,0,0,0,0
Truly really superb,0,0,0,0,0,0
You are totally magnificent,0,0,0,0,0,0
fucking awesome design,0,0,1,0,0,0
You are a machine with chess,0,0,0,0,0,0
damn funny song,0,0,1,0,0,0
That is a hella sick job,0,0,1,0,0,0
That is a freaking spectacular work,0,0,0,0,0,0
Truly freaking good,0,0,0,0,0,0
That is a absolutely amazing movie,0,0,0,0,0,0
This is absolutely beautiful,0,0,0,0,0,0
Honestly really talented,0,0,0,0,0,0
You are fucking wonderful,0,0,1,0,0,0
Just really smart,0,0,0,0,0,0
It was hella perfect,0,0,1,0,0,0
That is a damn nice movie,0,0,1,0,0,0
That is a hella beautiful song,0,0,1,0,0,0
absolutely smart work,0,0,0,0,0,0
That is a damn spectacular game,0,0,1,0,0,0
He is a wizard on the guitar,0,0,0,0,0,0
She is a total beast at coding,0,0,0,0,0,0
totally perfect performance,0,0,0,0,0,0
freaking beautiful work,0,0,0,0,0,0
Truly bloody legendary,0,0,1,0,0,0
really nice job,0,0,0,0,0,0
@$$h01e,1,0,1,0,1,0
Just totally awesome,0,0,0,0,0,0
That is a absolutely lovely song,0,0,0,0,0,0
fucking nice design,0,0,1,0,0,0
really good art,0,0,0,0,0,0
That is a bloody incredible design,0,0,1,0,0,0
That is a absolutely magnificent song,0,0,0,0,0,0
really talented performance,0,0,0,0,0,0
That is a hella sick movie,0,0,1,0,0,0
That is a bloody wonderful movie,0,0,1,0,0,0
That is a damn brilliant performance,0,0,1,0,0,0
That is a absolutely funny job,0,0,0,0,0,0
She is a total legend with coding,0,0,0,0,0,0
That is a totally cool movie,0,0,0,0,0,0
slut,1,0,1,0,1,0
That is a bloody funny idea,0,0,1,0,0,0
Just hella beautiful,0,0,1,0,0,0
hella spectacular design,0,0,1,0,0,0
You are damn funny,0,0,1,0,0,0
freaking wicked performance,0,0,0,0,0,0
fucking incredible song,0,0,1,0,0,0
That is a absolutely cool game,0,0,0,0,0,0
Honestly totally nice,0,0,0,0,0,0
totally legendary work,0,0,0,0,0,0
You are the reason instructions are written on shampoo bottles,1,0,0,0,1,0
Truly damn brilliant,0,0,1,0,0,0
That is totally great,0,0,0,0,0,0
She is a total demon at designing,0,0,0,0,0,0
It was bloody amazing,0,0,1,0,0,0
